2025-07-14 21:47:18,094:WARNING:
'cuml' is a soft dependency and not included in the pycaret installation. Please run: `pip install cuml` to install.
2025-07-14 21:47:18,094:WARNING:
'cuml' is a soft dependency and not included in the pycaret installation. Please run: `pip install cuml` to install.
2025-07-14 21:47:18,094:WARNING:
'cuml' is a soft dependency and not included in the pycaret installation. Please run: `pip install cuml` to install.
2025-07-14 21:47:18,094:WARNING:
'cuml' is a soft dependency and not included in the pycaret installation. Please run: `pip install cuml` to install.
2025-07-14 21:47:19,613:INFO:PyCaret ClassificationExperiment
2025-07-14 21:47:19,613:INFO:Logging name: clf-default-name
2025-07-14 21:47:19,613:INFO:ML Usecase: MLUsecase.CLASSIFICATION
2025-07-14 21:47:19,613:INFO:version 3.3.2
2025-07-14 21:47:19,613:INFO:Initializing setup()
2025-07-14 21:47:19,613:INFO:self.USI: 2f50
2025-07-14 21:47:19,613:INFO:self._variable_keys: {'logging_param', 'y_train', 'pipeline', '_ml_usecase', 'X', '_available_plots', 'fold_shuffle_param', 'X_train', 'is_multiclass', 'gpu_param', 'data', 'exp_name_log', 'exp_id', 'log_plots_param', 'idx', 'gpu_n_jobs_param', 'html_param', 'fold_generator', 'X_test', 'fold_groups_param', 'memory', 'target_param', 'USI', 'y_test', 'n_jobs_param', 'seed', 'fix_imbalance', 'y'}
2025-07-14 21:47:19,613:INFO:Checking environment
2025-07-14 21:47:19,613:INFO:python_version: 3.11.10
2025-07-14 21:47:19,613:INFO:python_build: ('main', 'Oct  3 2024 07:22:26')
2025-07-14 21:47:19,613:INFO:machine: AMD64
2025-07-14 21:47:19,613:INFO:platform: Windows-10-10.0.19045-SP0
2025-07-14 21:47:19,613:INFO:Memory: svmem(total=7866793984, available=1326456832, percent=83.1, used=6540337152, free=1326456832)
2025-07-14 21:47:19,613:INFO:Physical Core: 4
2025-07-14 21:47:19,613:INFO:Logical Core: 8
2025-07-14 21:47:19,613:INFO:Checking libraries
2025-07-14 21:47:19,613:INFO:System:
2025-07-14 21:47:19,613:INFO:    python: 3.11.10 | packaged by Anaconda, Inc. | (main, Oct  3 2024, 07:22:26) [MSC v.1929 64 bit (AMD64)]
2025-07-14 21:47:19,613:INFO:executable: C:\Users\user\miniconda3\envs\od_zera_do_ai\python.exe
2025-07-14 21:47:19,613:INFO:   machine: Windows-10-10.0.19045-SP0
2025-07-14 21:47:19,613:INFO:PyCaret required dependencies:
2025-07-14 21:47:19,785:INFO:                 pip: 24.2
2025-07-14 21:47:19,785:INFO:          setuptools: 75.1.0
2025-07-14 21:47:19,785:INFO:             pycaret: 3.3.2
2025-07-14 21:47:19,785:INFO:             IPython: 8.27.0
2025-07-14 21:47:19,785:INFO:          ipywidgets: 7.8.5
2025-07-14 21:47:19,785:INFO:                tqdm: 4.67.1
2025-07-14 21:47:19,785:INFO:               numpy: 1.26.4
2025-07-14 21:47:19,785:INFO:              pandas: 1.5.3
2025-07-14 21:47:19,785:INFO:              jinja2: 3.1.4
2025-07-14 21:47:19,785:INFO:               scipy: 1.11.4
2025-07-14 21:47:19,785:INFO:              joblib: 1.2.0
2025-07-14 21:47:19,785:INFO:             sklearn: 1.4.2
2025-07-14 21:47:19,785:INFO:                pyod: 2.0.4
2025-07-14 21:47:19,785:INFO:            imblearn: 0.13.0
2025-07-14 21:47:19,785:INFO:   category_encoders: 2.6.3
2025-07-14 21:47:19,785:INFO:            lightgbm: 4.6.0
2025-07-14 21:47:19,785:INFO:               numba: 0.61.0
2025-07-14 21:47:19,785:INFO:            requests: 2.32.3
2025-07-14 21:47:19,785:INFO:          matplotlib: 3.9.2
2025-07-14 21:47:19,785:INFO:          scikitplot: 0.3.7
2025-07-14 21:47:19,785:INFO:         yellowbrick: 1.5
2025-07-14 21:47:19,785:INFO:              plotly: 5.24.1
2025-07-14 21:47:19,785:INFO:    plotly-resampler: Not installed
2025-07-14 21:47:19,785:INFO:             kaleido: 0.2.1
2025-07-14 21:47:19,785:INFO:           schemdraw: 0.15
2025-07-14 21:47:19,785:INFO:         statsmodels: 0.14.4
2025-07-14 21:47:19,785:INFO:              sktime: 0.26.0
2025-07-14 21:47:19,785:INFO:               tbats: 1.1.3
2025-07-14 21:47:19,785:INFO:            pmdarima: 2.0.4
2025-07-14 21:47:19,785:INFO:              psutil: 5.9.0
2025-07-14 21:47:19,785:INFO:          markupsafe: 2.1.3
2025-07-14 21:47:19,785:INFO:             pickle5: Not installed
2025-07-14 21:47:19,785:INFO:         cloudpickle: 3.0.0
2025-07-14 21:47:19,785:INFO:         deprecation: 2.1.0
2025-07-14 21:47:19,785:INFO:              xxhash: 3.5.0
2025-07-14 21:47:19,785:INFO:           wurlitzer: 3.1.1
2025-07-14 21:47:19,785:INFO:PyCaret optional dependencies:
2025-07-14 21:47:19,825:INFO:                shap: Not installed
2025-07-14 21:47:19,825:INFO:           interpret: Not installed
2025-07-14 21:47:19,825:INFO:                umap: Not installed
2025-07-14 21:47:19,825:INFO:     ydata_profiling: Not installed
2025-07-14 21:47:19,825:INFO:  explainerdashboard: Not installed
2025-07-14 21:47:19,825:INFO:             autoviz: Not installed
2025-07-14 21:47:19,825:INFO:           fairlearn: Not installed
2025-07-14 21:47:19,825:INFO:          deepchecks: Not installed
2025-07-14 21:47:19,825:INFO:             xgboost: Not installed
2025-07-14 21:47:19,825:INFO:            catboost: Not installed
2025-07-14 21:47:19,825:INFO:              kmodes: Not installed
2025-07-14 21:47:19,825:INFO:             mlxtend: Not installed
2025-07-14 21:47:19,825:INFO:       statsforecast: Not installed
2025-07-14 21:47:19,825:INFO:        tune_sklearn: Not installed
2025-07-14 21:47:19,825:INFO:                 ray: Not installed
2025-07-14 21:47:19,825:INFO:            hyperopt: Not installed
2025-07-14 21:47:19,825:INFO:              optuna: Not installed
2025-07-14 21:47:19,825:INFO:               skopt: Not installed
2025-07-14 21:47:19,825:INFO:              mlflow: Not installed
2025-07-14 21:47:19,825:INFO:              gradio: Not installed
2025-07-14 21:47:19,825:INFO:             fastapi: Not installed
2025-07-14 21:47:19,825:INFO:             uvicorn: Not installed
2025-07-14 21:47:19,825:INFO:              m2cgen: Not installed
2025-07-14 21:47:19,825:INFO:           evidently: Not installed
2025-07-14 21:47:19,825:INFO:               fugue: Not installed
2025-07-14 21:47:19,825:INFO:           streamlit: 1.44.1
2025-07-14 21:47:19,825:INFO:             prophet: Not installed
2025-07-14 21:47:19,825:INFO:None
2025-07-14 21:47:19,825:INFO:Set up data.
2025-07-14 21:47:19,849:INFO:Set up folding strategy.
2025-07-14 21:47:19,849:INFO:Set up train/test split.
2025-07-14 21:47:19,865:INFO:Set up index.
2025-07-14 21:47:19,865:INFO:Assigning column types.
2025-07-14 21:47:19,865:INFO:Engine successfully changes for model 'lr' to 'sklearn'.
2025-07-14 21:47:19,980:INFO:Engine for model 'knn' has not been set explicitly, hence returning None.
2025-07-14 21:47:19,996:INFO:Engine for model 'rbfsvm' has not been set explicitly, hence returning None.
2025-07-14 21:47:20,075:WARNING:
'xgboost' is a soft dependency and not included in the pycaret installation. Please run: `pip install xgboost` to install.
Alternately, you can install this by running `pip install pycaret[models]`
2025-07-14 21:47:20,075:WARNING:
'catboost' is a soft dependency and not included in the pycaret installation. Please run: `pip install catboost` to install.
Alternately, you can install this by running `pip install pycaret[models]`
2025-07-14 21:47:20,178:INFO:Engine for model 'knn' has not been set explicitly, hence returning None.
2025-07-14 21:47:20,178:INFO:Engine for model 'rbfsvm' has not been set explicitly, hence returning None.
2025-07-14 21:47:20,241:WARNING:
'xgboost' is a soft dependency and not included in the pycaret installation. Please run: `pip install xgboost` to install.
Alternately, you can install this by running `pip install pycaret[models]`
2025-07-14 21:47:20,241:WARNING:
'catboost' is a soft dependency and not included in the pycaret installation. Please run: `pip install catboost` to install.
Alternately, you can install this by running `pip install pycaret[models]`
2025-07-14 21:47:20,241:INFO:Engine successfully changes for model 'knn' to 'sklearn'.
2025-07-14 21:47:20,366:INFO:Engine for model 'rbfsvm' has not been set explicitly, hence returning None.
2025-07-14 21:47:20,470:WARNING:
'xgboost' is a soft dependency and not included in the pycaret installation. Please run: `pip install xgboost` to install.
Alternately, you can install this by running `pip install pycaret[models]`
2025-07-14 21:47:20,470:WARNING:
'catboost' is a soft dependency and not included in the pycaret installation. Please run: `pip install catboost` to install.
Alternately, you can install this by running `pip install pycaret[models]`
2025-07-14 21:47:20,579:INFO:Engine for model 'rbfsvm' has not been set explicitly, hence returning None.
2025-07-14 21:47:20,647:WARNING:
'xgboost' is a soft dependency and not included in the pycaret installation. Please run: `pip install xgboost` to install.
Alternately, you can install this by running `pip install pycaret[models]`
2025-07-14 21:47:20,663:WARNING:
'catboost' is a soft dependency and not included in the pycaret installation. Please run: `pip install catboost` to install.
Alternately, you can install this by running `pip install pycaret[models]`
2025-07-14 21:47:20,663:INFO:Engine successfully changes for model 'rbfsvm' to 'sklearn'.
2025-07-14 21:47:20,835:WARNING:
'xgboost' is a soft dependency and not included in the pycaret installation. Please run: `pip install xgboost` to install.
Alternately, you can install this by running `pip install pycaret[models]`
2025-07-14 21:47:20,835:WARNING:
'catboost' is a soft dependency and not included in the pycaret installation. Please run: `pip install catboost` to install.
Alternately, you can install this by running `pip install pycaret[models]`
2025-07-14 21:47:21,038:WARNING:
'xgboost' is a soft dependency and not included in the pycaret installation. Please run: `pip install xgboost` to install.
Alternately, you can install this by running `pip install pycaret[models]`
2025-07-14 21:47:21,038:WARNING:
'catboost' is a soft dependency and not included in the pycaret installation. Please run: `pip install catboost` to install.
Alternately, you can install this by running `pip install pycaret[models]`
2025-07-14 21:47:21,069:INFO:Preparing preprocessing pipeline...
2025-07-14 21:47:21,069:INFO:Set up simple imputation.
2025-07-14 21:47:21,069:INFO:Set up encoding of ordinal features.
2025-07-14 21:47:21,069:INFO:Set up encoding of categorical features.
2025-07-14 21:47:21,085:INFO:Set up column name cleaning.
2025-07-14 21:47:21,388:INFO:Finished creating preprocessing pipeline.
2025-07-14 21:47:21,435:INFO:Pipeline: Pipeline(memory=FastMemory(location=C:\Users\user\AppData\Local\Temp\joblib),
         steps=[('numerical_imputer',
                 TransformerWrapper(exclude=None,
                                    include=['pclass', 'age', 'sibsp', 'parch',
                                             'fare'],
                                    transformer=SimpleImputer(add_indicator=False,
                                                              copy=True,
                                                              fill_value=None,
                                                              keep_empty_features=False,
                                                              missing_values=nan,
                                                              strategy='mean'))),
                ('categorical_imputer',
                 Transf...
                                    transformer=TargetEncoder(cols=['cabin',
                                                                    'boat',
                                                                    'body',
                                                                    'home.dest'],
                                                              drop_invariant=False,
                                                              handle_missing='return_nan',
                                                              handle_unknown='value',
                                                              hierarchy=None,
                                                              min_samples_leaf=20,
                                                              return_df=True,
                                                              smoothing=10,
                                                              verbose=0))),
                ('clean_column_names',
                 TransformerWrapper(exclude=None, include=None,
                                    transformer=CleanColumnNames(match='[\\]\\[\\,\\{\\}\\"\\:]+')))],
         verbose=False)
2025-07-14 21:47:21,435:INFO:Creating final display dataframe.
2025-07-14 21:47:21,699:INFO:Setup _display_container:                     Description             Value
0                    Session id               123
1                        Target          survived
2                   Target type            Binary
3           Original data shape        (1309, 14)
4        Transformed data shape        (1309, 14)
5   Transformed train set shape         (916, 14)
6    Transformed test set shape         (393, 14)
7               Ignore features                 2
8              Numeric features                 5
9          Categorical features                 6
10                   Preprocess              True
11              Imputation type            simple
12           Numeric imputation              mean
13       Categorical imputation              mode
14     Maximum one-hot encoding                25
15              Encoding method              None
16               Fold Generator   StratifiedKFold
17                  Fold Number                10
18                     CPU Jobs                -1
19                      Use GPU             False
20               Log Experiment             False
21              Experiment Name  clf-default-name
22                          USI              2f50
2025-07-14 21:47:21,887:WARNING:
'xgboost' is a soft dependency and not included in the pycaret installation. Please run: `pip install xgboost` to install.
Alternately, you can install this by running `pip install pycaret[models]`
2025-07-14 21:47:21,887:WARNING:
'catboost' is a soft dependency and not included in the pycaret installation. Please run: `pip install catboost` to install.
Alternately, you can install this by running `pip install pycaret[models]`
2025-07-14 21:47:22,062:WARNING:
'xgboost' is a soft dependency and not included in the pycaret installation. Please run: `pip install xgboost` to install.
Alternately, you can install this by running `pip install pycaret[models]`
2025-07-14 21:47:22,062:WARNING:
'catboost' is a soft dependency and not included in the pycaret installation. Please run: `pip install catboost` to install.
Alternately, you can install this by running `pip install pycaret[models]`
2025-07-14 21:47:22,062:INFO:setup() successfully completed in 2.47s...............
2025-07-14 21:47:22,079:INFO:Initializing compare_models()
2025-07-14 21:47:22,079:INFO:compare_models(self=<pycaret.classification.oop.ClassificationExperiment object at 0x0000020CFF1B1210>, include=None, exclude=None, fold=None, round=4, cross_validation=True, sort=Accuracy, n_select=1, budget_time=None, turbo=True, errors=ignore, fit_kwargs=None, groups=None, experiment_custom_tags=None, probability_threshold=None, verbose=True, parallel=None, caller_params={'self': <pycaret.classification.oop.ClassificationExperiment object at 0x0000020CFF1B1210>, 'include': None, 'exclude': None, 'fold': None, 'round': 4, 'cross_validation': True, 'sort': 'Accuracy', 'n_select': 1, 'budget_time': None, 'turbo': True, 'errors': 'ignore', 'fit_kwargs': None, 'groups': None, 'experiment_custom_tags': None, 'probability_threshold': None, 'engine': None, 'verbose': True, 'parallel': None, '__class__': <class 'pycaret.classification.oop.ClassificationExperiment'>})
2025-07-14 21:47:22,079:INFO:Checking exceptions
2025-07-14 21:47:22,092:INFO:Preparing display monitor
2025-07-14 21:47:22,139:INFO:Initializing Logistic Regression
2025-07-14 21:47:22,139:INFO:Total runtime is 0.0 minutes
2025-07-14 21:47:22,139:INFO:SubProcess create_model() called ==================================
2025-07-14 21:47:22,139:INFO:Initializing create_model()
2025-07-14 21:47:22,139:INFO:create_model(self=<pycaret.classification.oop.ClassificationExperiment object at 0x0000020CFF1B1210>, estimator=lr, fold=StratifiedKFold(n_splits=10, random_state=None, shuffle=False), round=4, cross_validation=True, predict=True, fit_kwargs={}, groups=None, refit=False, probability_threshold=None, experiment_custom_tags=None, verbose=False, system=False, add_to_model_list=True, metrics=None, display=<pycaret.internal.display.display.CommonDisplay object at 0x0000020CFF3E7290>, model_only=True, return_train_score=False, error_score=0.0, kwargs={})
2025-07-14 21:47:22,139:INFO:Checking exceptions
2025-07-14 21:47:22,139:INFO:Importing libraries
2025-07-14 21:47:22,139:INFO:Copying training dataset
2025-07-14 21:47:22,155:INFO:Defining folds
2025-07-14 21:47:22,155:INFO:Declaring metric variables
2025-07-14 21:47:22,155:INFO:Importing untrained model
2025-07-14 21:47:22,170:INFO:Logistic Regression Imported successfully
2025-07-14 21:47:22,170:INFO:Starting cross validation
2025-07-14 21:47:22,187:INFO:Cross validating with StratifiedKFold(n_splits=10, random_state=None, shuffle=False), n_jobs=-1
2025-07-14 21:47:33,894:INFO:Calculating mean and std
2025-07-14 21:47:33,894:INFO:Creating metrics dataframe
2025-07-14 21:47:33,894:INFO:Uploading results into container
2025-07-14 21:47:33,894:INFO:Uploading model into container now
2025-07-14 21:47:33,894:INFO:_master_model_container: 1
2025-07-14 21:47:33,894:INFO:_display_container: 2
2025-07-14 21:47:33,894:INFO:LogisticRegression(C=1.0, class_weight=None, dual=False, fit_intercept=True,
                   intercept_scaling=1, l1_ratio=None, max_iter=1000,
                   multi_class='auto', n_jobs=None, penalty='l2',
                   random_state=123, solver='lbfgs', tol=0.0001, verbose=0,
                   warm_start=False)
2025-07-14 21:47:33,894:INFO:create_model() successfully completed......................................
2025-07-14 21:47:34,019:INFO:SubProcess create_model() end ==================================
2025-07-14 21:47:34,019:INFO:Creating metrics dataframe
2025-07-14 21:47:34,035:INFO:Initializing K Neighbors Classifier
2025-07-14 21:47:34,035:INFO:Total runtime is 0.19826066096623737 minutes
2025-07-14 21:47:34,035:INFO:SubProcess create_model() called ==================================
2025-07-14 21:47:34,035:INFO:Initializing create_model()
2025-07-14 21:47:34,051:INFO:create_model(self=<pycaret.classification.oop.ClassificationExperiment object at 0x0000020CFF1B1210>, estimator=knn, fold=StratifiedKFold(n_splits=10, random_state=None, shuffle=False), round=4, cross_validation=True, predict=True, fit_kwargs={}, groups=None, refit=False, probability_threshold=None, experiment_custom_tags=None, verbose=False, system=False, add_to_model_list=True, metrics=None, display=<pycaret.internal.display.display.CommonDisplay object at 0x0000020CFF3E7290>, model_only=True, return_train_score=False, error_score=0.0, kwargs={})
2025-07-14 21:47:34,051:INFO:Checking exceptions
2025-07-14 21:47:34,051:INFO:Importing libraries
2025-07-14 21:47:34,051:INFO:Copying training dataset
2025-07-14 21:47:34,051:INFO:Defining folds
2025-07-14 21:47:34,051:INFO:Declaring metric variables
2025-07-14 21:47:34,066:INFO:Importing untrained model
2025-07-14 21:47:34,066:INFO:K Neighbors Classifier Imported successfully
2025-07-14 21:47:34,082:INFO:Starting cross validation
2025-07-14 21:47:34,082:INFO:Cross validating with StratifiedKFold(n_splits=10, random_state=None, shuffle=False), n_jobs=-1
2025-07-14 21:47:34,882:INFO:Calculating mean and std
2025-07-14 21:47:34,897:INFO:Creating metrics dataframe
2025-07-14 21:47:34,897:INFO:Uploading results into container
2025-07-14 21:47:34,897:INFO:Uploading model into container now
2025-07-14 21:47:34,897:INFO:_master_model_container: 2
2025-07-14 21:47:34,897:INFO:_display_container: 2
2025-07-14 21:47:34,897:INFO:KNeighborsClassifier(algorithm='auto', leaf_size=30, metric='minkowski',
                     metric_params=None, n_jobs=-1, n_neighbors=5, p=2,
                     weights='uniform')
2025-07-14 21:47:34,897:INFO:create_model() successfully completed......................................
2025-07-14 21:47:35,014:INFO:SubProcess create_model() end ==================================
2025-07-14 21:47:35,014:INFO:Creating metrics dataframe
2025-07-14 21:47:35,030:INFO:Initializing Naive Bayes
2025-07-14 21:47:35,030:INFO:Total runtime is 0.2148407260576884 minutes
2025-07-14 21:47:35,045:INFO:SubProcess create_model() called ==================================
2025-07-14 21:47:35,045:INFO:Initializing create_model()
2025-07-14 21:47:35,045:INFO:create_model(self=<pycaret.classification.oop.ClassificationExperiment object at 0x0000020CFF1B1210>, estimator=nb, fold=StratifiedKFold(n_splits=10, random_state=None, shuffle=False), round=4, cross_validation=True, predict=True, fit_kwargs={}, groups=None, refit=False, probability_threshold=None, experiment_custom_tags=None, verbose=False, system=False, add_to_model_list=True, metrics=None, display=<pycaret.internal.display.display.CommonDisplay object at 0x0000020CFF3E7290>, model_only=True, return_train_score=False, error_score=0.0, kwargs={})
2025-07-14 21:47:35,045:INFO:Checking exceptions
2025-07-14 21:47:35,045:INFO:Importing libraries
2025-07-14 21:47:35,045:INFO:Copying training dataset
2025-07-14 21:47:35,045:INFO:Defining folds
2025-07-14 21:47:35,045:INFO:Declaring metric variables
2025-07-14 21:47:35,061:INFO:Importing untrained model
2025-07-14 21:47:35,061:INFO:Naive Bayes Imported successfully
2025-07-14 21:47:35,077:INFO:Starting cross validation
2025-07-14 21:47:35,077:INFO:Cross validating with StratifiedKFold(n_splits=10, random_state=None, shuffle=False), n_jobs=-1
2025-07-14 21:47:35,793:INFO:Calculating mean and std
2025-07-14 21:47:35,793:INFO:Creating metrics dataframe
2025-07-14 21:47:35,793:INFO:Uploading results into container
2025-07-14 21:47:35,793:INFO:Uploading model into container now
2025-07-14 21:47:35,793:INFO:_master_model_container: 3
2025-07-14 21:47:35,793:INFO:_display_container: 2
2025-07-14 21:47:35,809:INFO:GaussianNB(priors=None, var_smoothing=1e-09)
2025-07-14 21:47:35,809:INFO:create_model() successfully completed......................................
2025-07-14 21:47:35,918:INFO:SubProcess create_model() end ==================================
2025-07-14 21:47:35,918:INFO:Creating metrics dataframe
2025-07-14 21:47:35,934:INFO:Initializing Decision Tree Classifier
2025-07-14 21:47:35,934:INFO:Total runtime is 0.229911470413208 minutes
2025-07-14 21:47:35,949:INFO:SubProcess create_model() called ==================================
2025-07-14 21:47:35,949:INFO:Initializing create_model()
2025-07-14 21:47:35,949:INFO:create_model(self=<pycaret.classification.oop.ClassificationExperiment object at 0x0000020CFF1B1210>, estimator=dt, fold=StratifiedKFold(n_splits=10, random_state=None, shuffle=False), round=4, cross_validation=True, predict=True, fit_kwargs={}, groups=None, refit=False, probability_threshold=None, experiment_custom_tags=None, verbose=False, system=False, add_to_model_list=True, metrics=None, display=<pycaret.internal.display.display.CommonDisplay object at 0x0000020CFF3E7290>, model_only=True, return_train_score=False, error_score=0.0, kwargs={})
2025-07-14 21:47:35,949:INFO:Checking exceptions
2025-07-14 21:47:35,949:INFO:Importing libraries
2025-07-14 21:47:35,949:INFO:Copying training dataset
2025-07-14 21:47:35,966:INFO:Defining folds
2025-07-14 21:47:35,966:INFO:Declaring metric variables
2025-07-14 21:47:35,968:INFO:Importing untrained model
2025-07-14 21:47:35,976:INFO:Decision Tree Classifier Imported successfully
2025-07-14 21:47:35,985:INFO:Starting cross validation
2025-07-14 21:47:35,985:INFO:Cross validating with StratifiedKFold(n_splits=10, random_state=None, shuffle=False), n_jobs=-1
2025-07-14 21:47:36,719:INFO:Calculating mean and std
2025-07-14 21:47:36,719:INFO:Creating metrics dataframe
2025-07-14 21:47:36,719:INFO:Uploading results into container
2025-07-14 21:47:36,719:INFO:Uploading model into container now
2025-07-14 21:47:36,719:INFO:_master_model_container: 4
2025-07-14 21:47:36,719:INFO:_display_container: 2
2025-07-14 21:47:36,719:INFO:DecisionTreeClassifier(ccp_alpha=0.0, class_weight=None, criterion='gini',
                       max_depth=None, max_features=None, max_leaf_nodes=None,
                       min_impurity_decrease=0.0, min_samples_leaf=1,
                       min_samples_split=2, min_weight_fraction_leaf=0.0,
                       monotonic_cst=None, random_state=123, splitter='best')
2025-07-14 21:47:36,719:INFO:create_model() successfully completed......................................
2025-07-14 21:47:36,844:INFO:SubProcess create_model() end ==================================
2025-07-14 21:47:36,844:INFO:Creating metrics dataframe
2025-07-14 21:47:36,860:INFO:Initializing SVM - Linear Kernel
2025-07-14 21:47:36,860:INFO:Total runtime is 0.2453467567761739 minutes
2025-07-14 21:47:36,876:INFO:SubProcess create_model() called ==================================
2025-07-14 21:47:36,876:INFO:Initializing create_model()
2025-07-14 21:47:36,876:INFO:create_model(self=<pycaret.classification.oop.ClassificationExperiment object at 0x0000020CFF1B1210>, estimator=svm, fold=StratifiedKFold(n_splits=10, random_state=None, shuffle=False), round=4, cross_validation=True, predict=True, fit_kwargs={}, groups=None, refit=False, probability_threshold=None, experiment_custom_tags=None, verbose=False, system=False, add_to_model_list=True, metrics=None, display=<pycaret.internal.display.display.CommonDisplay object at 0x0000020CFF3E7290>, model_only=True, return_train_score=False, error_score=0.0, kwargs={})
2025-07-14 21:47:36,876:INFO:Checking exceptions
2025-07-14 21:47:36,876:INFO:Importing libraries
2025-07-14 21:47:36,876:INFO:Copying training dataset
2025-07-14 21:47:36,891:INFO:Defining folds
2025-07-14 21:47:36,891:INFO:Declaring metric variables
2025-07-14 21:47:36,891:INFO:Importing untrained model
2025-07-14 21:47:36,907:INFO:SVM - Linear Kernel Imported successfully
2025-07-14 21:47:36,923:INFO:Starting cross validation
2025-07-14 21:47:36,923:INFO:Cross validating with StratifiedKFold(n_splits=10, random_state=None, shuffle=False), n_jobs=-1
2025-07-14 21:47:37,661:INFO:Calculating mean and std
2025-07-14 21:47:37,661:INFO:Creating metrics dataframe
2025-07-14 21:47:37,677:INFO:Uploading results into container
2025-07-14 21:47:37,677:INFO:Uploading model into container now
2025-07-14 21:47:37,677:INFO:_master_model_container: 5
2025-07-14 21:47:37,677:INFO:_display_container: 2
2025-07-14 21:47:37,677:INFO:SGDClassifier(alpha=0.0001, average=False, class_weight=None,
              early_stopping=False, epsilon=0.1, eta0=0.001, fit_intercept=True,
              l1_ratio=0.15, learning_rate='optimal', loss='hinge',
              max_iter=1000, n_iter_no_change=5, n_jobs=-1, penalty='l2',
              power_t=0.5, random_state=123, shuffle=True, tol=0.001,
              validation_fraction=0.1, verbose=0, warm_start=False)
2025-07-14 21:47:37,677:INFO:create_model() successfully completed......................................
2025-07-14 21:47:37,802:INFO:SubProcess create_model() end ==================================
2025-07-14 21:47:37,802:INFO:Creating metrics dataframe
2025-07-14 21:47:37,818:INFO:Initializing Ridge Classifier
2025-07-14 21:47:37,818:INFO:Total runtime is 0.2613072435061137 minutes
2025-07-14 21:47:37,818:INFO:SubProcess create_model() called ==================================
2025-07-14 21:47:37,818:INFO:Initializing create_model()
2025-07-14 21:47:37,818:INFO:create_model(self=<pycaret.classification.oop.ClassificationExperiment object at 0x0000020CFF1B1210>, estimator=ridge, fold=StratifiedKFold(n_splits=10, random_state=None, shuffle=False), round=4, cross_validation=True, predict=True, fit_kwargs={}, groups=None, refit=False, probability_threshold=None, experiment_custom_tags=None, verbose=False, system=False, add_to_model_list=True, metrics=None, display=<pycaret.internal.display.display.CommonDisplay object at 0x0000020CFF3E7290>, model_only=True, return_train_score=False, error_score=0.0, kwargs={})
2025-07-14 21:47:37,818:INFO:Checking exceptions
2025-07-14 21:47:37,818:INFO:Importing libraries
2025-07-14 21:47:37,818:INFO:Copying training dataset
2025-07-14 21:47:37,833:INFO:Defining folds
2025-07-14 21:47:37,833:INFO:Declaring metric variables
2025-07-14 21:47:37,833:INFO:Importing untrained model
2025-07-14 21:47:37,849:INFO:Ridge Classifier Imported successfully
2025-07-14 21:47:37,849:INFO:Starting cross validation
2025-07-14 21:47:37,865:INFO:Cross validating with StratifiedKFold(n_splits=10, random_state=None, shuffle=False), n_jobs=-1
2025-07-14 21:47:38,640:INFO:Calculating mean and std
2025-07-14 21:47:38,640:INFO:Creating metrics dataframe
2025-07-14 21:47:38,640:INFO:Uploading results into container
2025-07-14 21:47:38,640:INFO:Uploading model into container now
2025-07-14 21:47:38,640:INFO:_master_model_container: 6
2025-07-14 21:47:38,648:INFO:_display_container: 2
2025-07-14 21:47:38,649:INFO:RidgeClassifier(alpha=1.0, class_weight=None, copy_X=True, fit_intercept=True,
                max_iter=None, positive=False, random_state=123, solver='auto',
                tol=0.0001)
2025-07-14 21:47:38,649:INFO:create_model() successfully completed......................................
2025-07-14 21:47:38,758:INFO:SubProcess create_model() end ==================================
2025-07-14 21:47:38,758:INFO:Creating metrics dataframe
2025-07-14 21:47:38,774:INFO:Initializing Random Forest Classifier
2025-07-14 21:47:38,774:INFO:Total runtime is 0.27724487384160357 minutes
2025-07-14 21:47:38,790:INFO:SubProcess create_model() called ==================================
2025-07-14 21:47:38,790:INFO:Initializing create_model()
2025-07-14 21:47:38,790:INFO:create_model(self=<pycaret.classification.oop.ClassificationExperiment object at 0x0000020CFF1B1210>, estimator=rf, fold=StratifiedKFold(n_splits=10, random_state=None, shuffle=False), round=4, cross_validation=True, predict=True, fit_kwargs={}, groups=None, refit=False, probability_threshold=None, experiment_custom_tags=None, verbose=False, system=False, add_to_model_list=True, metrics=None, display=<pycaret.internal.display.display.CommonDisplay object at 0x0000020CFF3E7290>, model_only=True, return_train_score=False, error_score=0.0, kwargs={})
2025-07-14 21:47:38,790:INFO:Checking exceptions
2025-07-14 21:47:38,790:INFO:Importing libraries
2025-07-14 21:47:38,790:INFO:Copying training dataset
2025-07-14 21:47:38,805:INFO:Defining folds
2025-07-14 21:47:38,805:INFO:Declaring metric variables
2025-07-14 21:47:38,805:INFO:Importing untrained model
2025-07-14 21:47:38,821:INFO:Random Forest Classifier Imported successfully
2025-07-14 21:47:38,821:INFO:Starting cross validation
2025-07-14 21:47:38,837:INFO:Cross validating with StratifiedKFold(n_splits=10, random_state=None, shuffle=False), n_jobs=-1
2025-07-14 21:47:40,755:INFO:Calculating mean and std
2025-07-14 21:47:40,755:INFO:Creating metrics dataframe
2025-07-14 21:47:40,755:INFO:Uploading results into container
2025-07-14 21:47:40,755:INFO:Uploading model into container now
2025-07-14 21:47:40,755:INFO:_master_model_container: 7
2025-07-14 21:47:40,755:INFO:_display_container: 2
2025-07-14 21:47:40,763:INFO:RandomForestClassifier(bootstrap=True, ccp_alpha=0.0, class_weight=None,
                       criterion='gini', max_depth=None, max_features='sqrt',
                       max_leaf_nodes=None, max_samples=None,
                       min_impurity_decrease=0.0, min_samples_leaf=1,
                       min_samples_split=2, min_weight_fraction_leaf=0.0,
                       monotonic_cst=None, n_estimators=100, n_jobs=-1,
                       oob_score=False, random_state=123, verbose=0,
                       warm_start=False)
2025-07-14 21:47:40,764:INFO:create_model() successfully completed......................................
2025-07-14 21:47:40,892:INFO:SubProcess create_model() end ==================================
2025-07-14 21:47:40,892:INFO:Creating metrics dataframe
2025-07-14 21:47:40,908:INFO:Initializing Quadratic Discriminant Analysis
2025-07-14 21:47:40,908:INFO:Total runtime is 0.312813663482666 minutes
2025-07-14 21:47:40,908:INFO:SubProcess create_model() called ==================================
2025-07-14 21:47:40,908:INFO:Initializing create_model()
2025-07-14 21:47:40,908:INFO:create_model(self=<pycaret.classification.oop.ClassificationExperiment object at 0x0000020CFF1B1210>, estimator=qda, fold=StratifiedKFold(n_splits=10, random_state=None, shuffle=False), round=4, cross_validation=True, predict=True, fit_kwargs={}, groups=None, refit=False, probability_threshold=None, experiment_custom_tags=None, verbose=False, system=False, add_to_model_list=True, metrics=None, display=<pycaret.internal.display.display.CommonDisplay object at 0x0000020CFF3E7290>, model_only=True, return_train_score=False, error_score=0.0, kwargs={})
2025-07-14 21:47:40,908:INFO:Checking exceptions
2025-07-14 21:47:40,908:INFO:Importing libraries
2025-07-14 21:47:40,908:INFO:Copying training dataset
2025-07-14 21:47:40,924:INFO:Defining folds
2025-07-14 21:47:40,924:INFO:Declaring metric variables
2025-07-14 21:47:40,924:INFO:Importing untrained model
2025-07-14 21:47:40,924:INFO:Quadratic Discriminant Analysis Imported successfully
2025-07-14 21:47:40,939:INFO:Starting cross validation
2025-07-14 21:47:40,939:INFO:Cross validating with StratifiedKFold(n_splits=10, random_state=None, shuffle=False), n_jobs=-1
2025-07-14 21:47:41,296:WARNING:C:\Users\user\miniconda3\envs\od_zera_do_ai\Lib\site-packages\sklearn\discriminant_analysis.py:935: UserWarning: Variables are collinear
  warnings.warn("Variables are collinear")

2025-07-14 21:47:41,296:WARNING:C:\Users\user\miniconda3\envs\od_zera_do_ai\Lib\site-packages\sklearn\discriminant_analysis.py:935: UserWarning: Variables are collinear
  warnings.warn("Variables are collinear")

2025-07-14 21:47:41,296:WARNING:C:\Users\user\miniconda3\envs\od_zera_do_ai\Lib\site-packages\sklearn\discriminant_analysis.py:935: UserWarning: Variables are collinear
  warnings.warn("Variables are collinear")

2025-07-14 21:47:41,296:WARNING:C:\Users\user\miniconda3\envs\od_zera_do_ai\Lib\site-packages\sklearn\discriminant_analysis.py:935: UserWarning: Variables are collinear
  warnings.warn("Variables are collinear")

2025-07-14 21:47:41,296:WARNING:C:\Users\user\miniconda3\envs\od_zera_do_ai\Lib\site-packages\sklearn\discriminant_analysis.py:935: UserWarning: Variables are collinear
  warnings.warn("Variables are collinear")

2025-07-14 21:47:41,296:WARNING:C:\Users\user\miniconda3\envs\od_zera_do_ai\Lib\site-packages\sklearn\discriminant_analysis.py:935: UserWarning: Variables are collinear
  warnings.warn("Variables are collinear")

2025-07-14 21:47:41,345:WARNING:C:\Users\user\miniconda3\envs\od_zera_do_ai\Lib\site-packages\sklearn\discriminant_analysis.py:935: UserWarning: Variables are collinear
  warnings.warn("Variables are collinear")

2025-07-14 21:47:41,392:WARNING:C:\Users\user\miniconda3\envs\od_zera_do_ai\Lib\site-packages\sklearn\discriminant_analysis.py:960: RuntimeWarning: divide by zero encountered in power
  X2 = np.dot(Xm, R * (S ** (-0.5)))

2025-07-14 21:47:41,392:WARNING:C:\Users\user\miniconda3\envs\od_zera_do_ai\Lib\site-packages\sklearn\discriminant_analysis.py:960: RuntimeWarning: invalid value encountered in multiply
  X2 = np.dot(Xm, R * (S ** (-0.5)))

2025-07-14 21:47:41,392:WARNING:C:\Users\user\miniconda3\envs\od_zera_do_ai\Lib\site-packages\sklearn\discriminant_analysis.py:963: RuntimeWarning: divide by zero encountered in log
  u = np.asarray([np.sum(np.log(s)) for s in self.scalings_])

2025-07-14 21:47:41,392:WARNING:C:\Users\user\miniconda3\envs\od_zera_do_ai\Lib\site-packages\sklearn\discriminant_analysis.py:960: RuntimeWarning: divide by zero encountered in power
  X2 = np.dot(Xm, R * (S ** (-0.5)))

2025-07-14 21:47:41,392:WARNING:C:\Users\user\miniconda3\envs\od_zera_do_ai\Lib\site-packages\sklearn\discriminant_analysis.py:960: RuntimeWarning: invalid value encountered in multiply
  X2 = np.dot(Xm, R * (S ** (-0.5)))

2025-07-14 21:47:41,392:WARNING:C:\Users\user\miniconda3\envs\od_zera_do_ai\Lib\site-packages\sklearn\discriminant_analysis.py:963: RuntimeWarning: divide by zero encountered in log
  u = np.asarray([np.sum(np.log(s)) for s in self.scalings_])

2025-07-14 21:47:41,392:WARNING:C:\Users\user\miniconda3\envs\od_zera_do_ai\Lib\site-packages\sklearn\discriminant_analysis.py:960: RuntimeWarning: divide by zero encountered in power
  X2 = np.dot(Xm, R * (S ** (-0.5)))

2025-07-14 21:47:41,392:WARNING:C:\Users\user\miniconda3\envs\od_zera_do_ai\Lib\site-packages\sklearn\discriminant_analysis.py:960: RuntimeWarning: divide by zero encountered in power
  X2 = np.dot(Xm, R * (S ** (-0.5)))

2025-07-14 21:47:41,408:WARNING:C:\Users\user\miniconda3\envs\od_zera_do_ai\Lib\site-packages\sklearn\discriminant_analysis.py:960: RuntimeWarning: divide by zero encountered in power
  X2 = np.dot(Xm, R * (S ** (-0.5)))

2025-07-14 21:47:41,408:WARNING:C:\Users\user\miniconda3\envs\od_zera_do_ai\Lib\site-packages\sklearn\discriminant_analysis.py:960: RuntimeWarning: invalid value encountered in multiply
  X2 = np.dot(Xm, R * (S ** (-0.5)))

2025-07-14 21:47:41,408:WARNING:C:\Users\user\miniconda3\envs\od_zera_do_ai\Lib\site-packages\sklearn\discriminant_analysis.py:963: RuntimeWarning: divide by zero encountered in log
  u = np.asarray([np.sum(np.log(s)) for s in self.scalings_])

2025-07-14 21:47:41,408:WARNING:C:\Users\user\miniconda3\envs\od_zera_do_ai\Lib\site-packages\sklearn\discriminant_analysis.py:960: RuntimeWarning: invalid value encountered in multiply
  X2 = np.dot(Xm, R * (S ** (-0.5)))

2025-07-14 21:47:41,408:WARNING:C:\Users\user\miniconda3\envs\od_zera_do_ai\Lib\site-packages\sklearn\discriminant_analysis.py:960: RuntimeWarning: divide by zero encountered in power
  X2 = np.dot(Xm, R * (S ** (-0.5)))

2025-07-14 21:47:41,408:WARNING:C:\Users\user\miniconda3\envs\od_zera_do_ai\Lib\site-packages\sklearn\discriminant_analysis.py:963: RuntimeWarning: divide by zero encountered in log
  u = np.asarray([np.sum(np.log(s)) for s in self.scalings_])

2025-07-14 21:47:41,408:WARNING:C:\Users\user\miniconda3\envs\od_zera_do_ai\Lib\site-packages\sklearn\discriminant_analysis.py:960: RuntimeWarning: invalid value encountered in multiply
  X2 = np.dot(Xm, R * (S ** (-0.5)))

2025-07-14 21:47:41,408:WARNING:C:\Users\user\miniconda3\envs\od_zera_do_ai\Lib\site-packages\sklearn\discriminant_analysis.py:960: RuntimeWarning: divide by zero encountered in power
  X2 = np.dot(Xm, R * (S ** (-0.5)))

2025-07-14 21:47:41,408:WARNING:C:\Users\user\miniconda3\envs\od_zera_do_ai\Lib\site-packages\sklearn\discriminant_analysis.py:963: RuntimeWarning: divide by zero encountered in log
  u = np.asarray([np.sum(np.log(s)) for s in self.scalings_])

2025-07-14 21:47:41,408:WARNING:C:\Users\user\miniconda3\envs\od_zera_do_ai\Lib\site-packages\sklearn\discriminant_analysis.py:960: RuntimeWarning: invalid value encountered in multiply
  X2 = np.dot(Xm, R * (S ** (-0.5)))

2025-07-14 21:47:41,408:WARNING:C:\Users\user\miniconda3\envs\od_zera_do_ai\Lib\site-packages\sklearn\discriminant_analysis.py:963: RuntimeWarning: divide by zero encountered in log
  u = np.asarray([np.sum(np.log(s)) for s in self.scalings_])

2025-07-14 21:47:41,408:WARNING:C:\Users\user\miniconda3\envs\od_zera_do_ai\Lib\site-packages\sklearn\discriminant_analysis.py:960: RuntimeWarning: invalid value encountered in multiply
  X2 = np.dot(Xm, R * (S ** (-0.5)))

2025-07-14 21:47:41,408:WARNING:C:\Users\user\miniconda3\envs\od_zera_do_ai\Lib\site-packages\sklearn\discriminant_analysis.py:963: RuntimeWarning: divide by zero encountered in log
  u = np.asarray([np.sum(np.log(s)) for s in self.scalings_])

2025-07-14 21:47:41,408:WARNING:C:\Users\user\miniconda3\envs\od_zera_do_ai\Lib\site-packages\sklearn\discriminant_analysis.py:960: RuntimeWarning: divide by zero encountered in power
  X2 = np.dot(Xm, R * (S ** (-0.5)))

2025-07-14 21:47:41,408:WARNING:C:\Users\user\miniconda3\envs\od_zera_do_ai\Lib\site-packages\sklearn\discriminant_analysis.py:960: RuntimeWarning: invalid value encountered in multiply
  X2 = np.dot(Xm, R * (S ** (-0.5)))

2025-07-14 21:47:41,408:WARNING:C:\Users\user\miniconda3\envs\od_zera_do_ai\Lib\site-packages\sklearn\discriminant_analysis.py:963: RuntimeWarning: divide by zero encountered in log
  u = np.asarray([np.sum(np.log(s)) for s in self.scalings_])

2025-07-14 21:47:41,408:WARNING:C:\Users\user\miniconda3\envs\od_zera_do_ai\Lib\site-packages\sklearn\discriminant_analysis.py:960: RuntimeWarning: divide by zero encountered in power
  X2 = np.dot(Xm, R * (S ** (-0.5)))

2025-07-14 21:47:41,408:WARNING:C:\Users\user\miniconda3\envs\od_zera_do_ai\Lib\site-packages\sklearn\discriminant_analysis.py:960: RuntimeWarning: divide by zero encountered in power
  X2 = np.dot(Xm, R * (S ** (-0.5)))


2025-07-14 21:47:41,408:WARNING:C:\Users\user\miniconda3\envs\od_zera_do_ai\Lib\site-packages\sklearn\discriminant_analysis.py:963: RuntimeWarning: divide by zero encountered in log
  u = np.asarray([np.sum(np.log(s)) for s in self.scalings_])

2025-07-14 21:47:41,408:WARNING:C:\Users\user\miniconda3\envs\od_zera_do_ai\Lib\site-packages\sklearn\discriminant_analysis.py:963: RuntimeWarning: divide by zero encountered in log
  u = np.asarray([np.sum(np.log(s)) for s in self.scalings_])

2025-07-14 21:47:41,408:WARNING:C:\Users\user\miniconda3\envs\od_zera_do_ai\Lib\site-packages\sklearn\discriminant_analysis.py:960: RuntimeWarning: divide by zero encountered in power
  X2 = np.dot(Xm, R * (S ** (-0.5)))

2025-07-14 21:47:41,408:WARNING:C:\Users\user\miniconda3\envs\od_zera_do_ai\Lib\site-packages\sklearn\discriminant_analysis.py:960: RuntimeWarning: invalid value encountered in multiply
  X2 = np.dot(Xm, R * (S ** (-0.5)))

2025-07-14 21:47:41,408:WARNING:C:\Users\user\miniconda3\envs\od_zera_do_ai\Lib\site-packages\sklearn\discriminant_analysis.py:963: RuntimeWarning: divide by zero encountered in log
  u = np.asarray([np.sum(np.log(s)) for s in self.scalings_])

2025-07-14 21:47:41,424:WARNING:C:\Users\user\miniconda3\envs\od_zera_do_ai\Lib\site-packages\sklearn\discriminant_analysis.py:960: RuntimeWarning: divide by zero encountered in power
  X2 = np.dot(Xm, R * (S ** (-0.5)))

2025-07-14 21:47:41,424:WARNING:C:\Users\user\miniconda3\envs\od_zera_do_ai\Lib\site-packages\sklearn\discriminant_analysis.py:960: RuntimeWarning: invalid value encountered in multiply
  X2 = np.dot(Xm, R * (S ** (-0.5)))

2025-07-14 21:47:41,424:WARNING:C:\Users\user\miniconda3\envs\od_zera_do_ai\Lib\site-packages\sklearn\discriminant_analysis.py:963: RuntimeWarning: divide by zero encountered in log
  u = np.asarray([np.sum(np.log(s)) for s in self.scalings_])

2025-07-14 21:47:41,427:WARNING:C:\Users\user\miniconda3\envs\od_zera_do_ai\Lib\site-packages\pycaret\internal\metrics.py:204: FitFailedWarning: Metric 'make_scorer(roc_auc_score, response_method=('decision_function', 'predict_proba'), average=weighted, multi_class=ovr)' failed and error score 0.0 has been returned instead. If this is a custom metric, this usually means that the error is in the metric code. Full exception below:
Traceback (most recent call last):
  File "C:\Users\user\miniconda3\envs\od_zera_do_ai\Lib\site-packages\pycaret\internal\metrics.py", line 196, in _score
    return super()._score(
           ^^^^^^^^^^^^^^^
  File "C:\Users\user\miniconda3\envs\od_zera_do_ai\Lib\site-packages\sklearn\metrics\_scorer.py", line 350, in _score
    return self._sign * self._score_func(y_true, y_pred, **scoring_kwargs)
                        ^^^^^^^^^^^^^^^^^^^^^^^^^^^^^^^^^^^^^^^^^^^^^^^^^^
  File "C:\Users\user\miniconda3\envs\od_zera_do_ai\Lib\site-packages\pycaret\internal\metrics.py", line 144, in __call__
    return self.score_func(y_true, y_pred, **kwargs)
           ^^^^^^^^^^^^^^^^^^^^^^^^^^^^^^^^^^^^^^^^^
  File "C:\Users\user\miniconda3\envs\od_zera_do_ai\Lib\site-packages\sklearn\utils\_param_validation.py", line 213, in wrapper
    return func(*args, **kwargs)
           ^^^^^^^^^^^^^^^^^^^^^
  File "C:\Users\user\miniconda3\envs\od_zera_do_ai\Lib\site-packages\sklearn\metrics\_ranking.py", line 619, in roc_auc_score
    y_score = check_array(y_score, ensure_2d=False)
              ^^^^^^^^^^^^^^^^^^^^^^^^^^^^^^^^^^^^^
  File "C:\Users\user\miniconda3\envs\od_zera_do_ai\Lib\site-packages\sklearn\utils\validation.py", line 1049, in check_array
    _assert_all_finite(
  File "C:\Users\user\miniconda3\envs\od_zera_do_ai\Lib\site-packages\sklearn\utils\validation.py", line 126, in _assert_all_finite
    _assert_all_finite_element_wise(
  File "C:\Users\user\miniconda3\envs\od_zera_do_ai\Lib\site-packages\sklearn\utils\validation.py", line 175, in _assert_all_finite_element_wise
    raise ValueError(msg_err)
ValueError: Input contains NaN.

  warnings.warn(

2025-07-14 21:47:41,443:WARNING:C:\Users\user\miniconda3\envs\od_zera_do_ai\Lib\site-packages\pycaret\internal\metrics.py:204: FitFailedWarning: Metric 'make_scorer(roc_auc_score, response_method=('decision_function', 'predict_proba'), average=weighted, multi_class=ovr)' failed and error score 0.0 has been returned instead. If this is a custom metric, this usually means that the error is in the metric code. Full exception below:
Traceback (most recent call last):
  File "C:\Users\user\miniconda3\envs\od_zera_do_ai\Lib\site-packages\pycaret\internal\metrics.py", line 196, in _score
    return super()._score(
           ^^^^^^^^^^^^^^^
  File "C:\Users\user\miniconda3\envs\od_zera_do_ai\Lib\site-packages\sklearn\metrics\_scorer.py", line 350, in _score
    return self._sign * self._score_func(y_true, y_pred, **scoring_kwargs)
                        ^^^^^^^^^^^^^^^^^^^^^^^^^^^^^^^^^^^^^^^^^^^^^^^^^^
  File "C:\Users\user\miniconda3\envs\od_zera_do_ai\Lib\site-packages\pycaret\internal\metrics.py", line 144, in __call__
    return self.score_func(y_true, y_pred, **kwargs)
           ^^^^^^^^^^^^^^^^^^^^^^^^^^^^^^^^^^^^^^^^^
  File "C:\Users\user\miniconda3\envs\od_zera_do_ai\Lib\site-packages\sklearn\utils\_param_validation.py", line 213, in wrapper
    return func(*args, **kwargs)
           ^^^^^^^^^^^^^^^^^^^^^
  File "C:\Users\user\miniconda3\envs\od_zera_do_ai\Lib\site-packages\sklearn\metrics\_ranking.py", line 619, in roc_auc_score
    y_score = check_array(y_score, ensure_2d=False)
              ^^^^^^^^^^^^^^^^^^^^^^^^^^^^^^^^^^^^^
  File "C:\Users\user\miniconda3\envs\od_zera_do_ai\Lib\site-packages\sklearn\utils\validation.py", line 1049, in check_array
    _assert_all_finite(
  File "C:\Users\user\miniconda3\envs\od_zera_do_ai\Lib\site-packages\sklearn\utils\validation.py", line 126, in _assert_all_finite
    _assert_all_finite_element_wise(
  File "C:\Users\user\miniconda3\envs\od_zera_do_ai\Lib\site-packages\sklearn\utils\validation.py", line 175, in _assert_all_finite_element_wise
    raise ValueError(msg_err)
ValueError: Input contains NaN.

  warnings.warn(

2025-07-14 21:47:41,443:WARNING:C:\Users\user\miniconda3\envs\od_zera_do_ai\Lib\site-packages\pycaret\internal\metrics.py:204: FitFailedWarning: Metric 'make_scorer(roc_auc_score, response_method=('decision_function', 'predict_proba'), average=weighted, multi_class=ovr)' failed and error score 0.0 has been returned instead. If this is a custom metric, this usually means that the error is in the metric code. Full exception below:
Traceback (most recent call last):
  File "C:\Users\user\miniconda3\envs\od_zera_do_ai\Lib\site-packages\pycaret\internal\metrics.py", line 196, in _score
    return super()._score(
           ^^^^^^^^^^^^^^^
  File "C:\Users\user\miniconda3\envs\od_zera_do_ai\Lib\site-packages\sklearn\metrics\_scorer.py", line 350, in _score
    return self._sign * self._score_func(y_true, y_pred, **scoring_kwargs)
                        ^^^^^^^^^^^^^^^^^^^^^^^^^^^^^^^^^^^^^^^^^^^^^^^^^^
  File "C:\Users\user\miniconda3\envs\od_zera_do_ai\Lib\site-packages\pycaret\internal\metrics.py", line 144, in __call__
    return self.score_func(y_true, y_pred, **kwargs)
           ^^^^^^^^^^^^^^^^^^^^^^^^^^^^^^^^^^^^^^^^^
  File "C:\Users\user\miniconda3\envs\od_zera_do_ai\Lib\site-packages\sklearn\utils\_param_validation.py", line 213, in wrapper
    return func(*args, **kwargs)
           ^^^^^^^^^^^^^^^^^^^^^
  File "C:\Users\user\miniconda3\envs\od_zera_do_ai\Lib\site-packages\sklearn\metrics\_ranking.py", line 619, in roc_auc_score
    y_score = check_array(y_score, ensure_2d=False)
              ^^^^^^^^^^^^^^^^^^^^^^^^^^^^^^^^^^^^^
  File "C:\Users\user\miniconda3\envs\od_zera_do_ai\Lib\site-packages\sklearn\utils\validation.py", line 1049, in check_array
    _assert_all_finite(
  File "C:\Users\user\miniconda3\envs\od_zera_do_ai\Lib\site-packages\sklearn\utils\validation.py", line 126, in _assert_all_finite
    _assert_all_finite_element_wise(
  File "C:\Users\user\miniconda3\envs\od_zera_do_ai\Lib\site-packages\sklearn\utils\validation.py", line 175, in _assert_all_finite_element_wise
    raise ValueError(msg_err)
ValueError: Input contains NaN.

  warnings.warn(

2025-07-14 21:47:41,443:WARNING:C:\Users\user\miniconda3\envs\od_zera_do_ai\Lib\site-packages\pycaret\internal\metrics.py:204: FitFailedWarning: Metric 'make_scorer(roc_auc_score, response_method=('decision_function', 'predict_proba'), average=weighted, multi_class=ovr)' failed and error score 0.0 has been returned instead. If this is a custom metric, this usually means that the error is in the metric code. Full exception below:
Traceback (most recent call last):
  File "C:\Users\user\miniconda3\envs\od_zera_do_ai\Lib\site-packages\pycaret\internal\metrics.py", line 196, in _score
    return super()._score(
           ^^^^^^^^^^^^^^^
  File "C:\Users\user\miniconda3\envs\od_zera_do_ai\Lib\site-packages\sklearn\metrics\_scorer.py", line 350, in _score
    return self._sign * self._score_func(y_true, y_pred, **scoring_kwargs)
                        ^^^^^^^^^^^^^^^^^^^^^^^^^^^^^^^^^^^^^^^^^^^^^^^^^^
  File "C:\Users\user\miniconda3\envs\od_zera_do_ai\Lib\site-packages\pycaret\internal\metrics.py", line 144, in __call__
    return self.score_func(y_true, y_pred, **kwargs)
           ^^^^^^^^^^^^^^^^^^^^^^^^^^^^^^^^^^^^^^^^^
  File "C:\Users\user\miniconda3\envs\od_zera_do_ai\Lib\site-packages\sklearn\utils\_param_validation.py", line 213, in wrapper
    return func(*args, **kwargs)
           ^^^^^^^^^^^^^^^^^^^^^
  File "C:\Users\user\miniconda3\envs\od_zera_do_ai\Lib\site-packages\sklearn\metrics\_ranking.py", line 619, in roc_auc_score
    y_score = check_array(y_score, ensure_2d=False)
              ^^^^^^^^^^^^^^^^^^^^^^^^^^^^^^^^^^^^^
  File "C:\Users\user\miniconda3\envs\od_zera_do_ai\Lib\site-packages\sklearn\utils\validation.py", line 1049, in check_array
    _assert_all_finite(
  File "C:\Users\user\miniconda3\envs\od_zera_do_ai\Lib\site-packages\sklearn\utils\validation.py", line 126, in _assert_all_finite
    _assert_all_finite_element_wise(
  File "C:\Users\user\miniconda3\envs\od_zera_do_ai\Lib\site-packages\sklearn\utils\validation.py", line 175, in _assert_all_finite_element_wise
    raise ValueError(msg_err)
ValueError: Input contains NaN.

  warnings.warn(

2025-07-14 21:47:41,459:WARNING:C:\Users\user\miniconda3\envs\od_zera_do_ai\Lib\site-packages\sklearn\discriminant_analysis.py:960: RuntimeWarning: divide by zero encountered in power
  X2 = np.dot(Xm, R * (S ** (-0.5)))

2025-07-14 21:47:41,459:WARNING:C:\Users\user\miniconda3\envs\od_zera_do_ai\Lib\site-packages\sklearn\discriminant_analysis.py:960: RuntimeWarning: invalid value encountered in multiply
  X2 = np.dot(Xm, R * (S ** (-0.5)))

2025-07-14 21:47:41,459:WARNING:C:\Users\user\miniconda3\envs\od_zera_do_ai\Lib\site-packages\sklearn\discriminant_analysis.py:963: RuntimeWarning: divide by zero encountered in log
  u = np.asarray([np.sum(np.log(s)) for s in self.scalings_])

2025-07-14 21:47:41,474:WARNING:C:\Users\user\miniconda3\envs\od_zera_do_ai\Lib\site-packages\sklearn\discriminant_analysis.py:960: RuntimeWarning: divide by zero encountered in power
  X2 = np.dot(Xm, R * (S ** (-0.5)))

2025-07-14 21:47:41,474:WARNING:C:\Users\user\miniconda3\envs\od_zera_do_ai\Lib\site-packages\sklearn\discriminant_analysis.py:960: RuntimeWarning: invalid value encountered in multiply
  X2 = np.dot(Xm, R * (S ** (-0.5)))

2025-07-14 21:47:41,474:WARNING:C:\Users\user\miniconda3\envs\od_zera_do_ai\Lib\site-packages\sklearn\discriminant_analysis.py:963: RuntimeWarning: divide by zero encountered in log
  u = np.asarray([np.sum(np.log(s)) for s in self.scalings_])

2025-07-14 21:47:41,490:WARNING:C:\Users\user\miniconda3\envs\od_zera_do_ai\Lib\site-packages\pycaret\internal\metrics.py:204: FitFailedWarning: Metric 'make_scorer(roc_auc_score, response_method=('decision_function', 'predict_proba'), average=weighted, multi_class=ovr)' failed and error score 0.0 has been returned instead. If this is a custom metric, this usually means that the error is in the metric code. Full exception below:
Traceback (most recent call last):
  File "C:\Users\user\miniconda3\envs\od_zera_do_ai\Lib\site-packages\pycaret\internal\metrics.py", line 196, in _score
    return super()._score(
           ^^^^^^^^^^^^^^^
  File "C:\Users\user\miniconda3\envs\od_zera_do_ai\Lib\site-packages\sklearn\metrics\_scorer.py", line 350, in _score
    return self._sign * self._score_func(y_true, y_pred, **scoring_kwargs)
                        ^^^^^^^^^^^^^^^^^^^^^^^^^^^^^^^^^^^^^^^^^^^^^^^^^^
  File "C:\Users\user\miniconda3\envs\od_zera_do_ai\Lib\site-packages\pycaret\internal\metrics.py", line 144, in __call__
    return self.score_func(y_true, y_pred, **kwargs)
           ^^^^^^^^^^^^^^^^^^^^^^^^^^^^^^^^^^^^^^^^^
  File "C:\Users\user\miniconda3\envs\od_zera_do_ai\Lib\site-packages\sklearn\utils\_param_validation.py", line 213, in wrapper
    return func(*args, **kwargs)
           ^^^^^^^^^^^^^^^^^^^^^
  File "C:\Users\user\miniconda3\envs\od_zera_do_ai\Lib\site-packages\sklearn\metrics\_ranking.py", line 619, in roc_auc_score
    y_score = check_array(y_score, ensure_2d=False)
              ^^^^^^^^^^^^^^^^^^^^^^^^^^^^^^^^^^^^^
  File "C:\Users\user\miniconda3\envs\od_zera_do_ai\Lib\site-packages\sklearn\utils\validation.py", line 1049, in check_array
    _assert_all_finite(
  File "C:\Users\user\miniconda3\envs\od_zera_do_ai\Lib\site-packages\sklearn\utils\validation.py", line 126, in _assert_all_finite
    _assert_all_finite_element_wise(
  File "C:\Users\user\miniconda3\envs\od_zera_do_ai\Lib\site-packages\sklearn\utils\validation.py", line 175, in _assert_all_finite_element_wise
    raise ValueError(msg_err)
ValueError: Input contains NaN.

  warnings.warn(

2025-07-14 21:47:41,490:WARNING:C:\Users\user\miniconda3\envs\od_zera_do_ai\Lib\site-packages\pycaret\internal\metrics.py:204: FitFailedWarning: Metric 'make_scorer(roc_auc_score, response_method=('decision_function', 'predict_proba'), average=weighted, multi_class=ovr)' failed and error score 0.0 has been returned instead. If this is a custom metric, this usually means that the error is in the metric code. Full exception below:
Traceback (most recent call last):
  File "C:\Users\user\miniconda3\envs\od_zera_do_ai\Lib\site-packages\pycaret\internal\metrics.py", line 196, in _score
    return super()._score(
           ^^^^^^^^^^^^^^^
  File "C:\Users\user\miniconda3\envs\od_zera_do_ai\Lib\site-packages\sklearn\metrics\_scorer.py", line 350, in _score
    return self._sign * self._score_func(y_true, y_pred, **scoring_kwargs)
                        ^^^^^^^^^^^^^^^^^^^^^^^^^^^^^^^^^^^^^^^^^^^^^^^^^^
  File "C:\Users\user\miniconda3\envs\od_zera_do_ai\Lib\site-packages\pycaret\internal\metrics.py", line 144, in __call__
    return self.score_func(y_true, y_pred, **kwargs)
           ^^^^^^^^^^^^^^^^^^^^^^^^^^^^^^^^^^^^^^^^^
  File "C:\Users\user\miniconda3\envs\od_zera_do_ai\Lib\site-packages\sklearn\utils\_param_validation.py", line 213, in wrapper
    return func(*args, **kwargs)
           ^^^^^^^^^^^^^^^^^^^^^
  File "C:\Users\user\miniconda3\envs\od_zera_do_ai\Lib\site-packages\sklearn\metrics\_ranking.py", line 619, in roc_auc_score
    y_score = check_array(y_score, ensure_2d=False)
              ^^^^^^^^^^^^^^^^^^^^^^^^^^^^^^^^^^^^^
  File "C:\Users\user\miniconda3\envs\od_zera_do_ai\Lib\site-packages\sklearn\utils\validation.py", line 1049, in check_array
    _assert_all_finite(
  File "C:\Users\user\miniconda3\envs\od_zera_do_ai\Lib\site-packages\sklearn\utils\validation.py", line 126, in _assert_all_finite
    _assert_all_finite_element_wise(
  File "C:\Users\user\miniconda3\envs\od_zera_do_ai\Lib\site-packages\sklearn\utils\validation.py", line 175, in _assert_all_finite_element_wise
    raise ValueError(msg_err)
ValueError: Input contains NaN.

  warnings.warn(

2025-07-14 21:47:41,646:WARNING:C:\Users\user\miniconda3\envs\od_zera_do_ai\Lib\site-packages\sklearn\discriminant_analysis.py:935: UserWarning: Variables are collinear
  warnings.warn("Variables are collinear")

2025-07-14 21:47:41,646:WARNING:C:\Users\user\miniconda3\envs\od_zera_do_ai\Lib\site-packages\sklearn\discriminant_analysis.py:935: UserWarning: Variables are collinear
  warnings.warn("Variables are collinear")

2025-07-14 21:47:41,693:WARNING:C:\Users\user\miniconda3\envs\od_zera_do_ai\Lib\site-packages\sklearn\discriminant_analysis.py:960: RuntimeWarning: divide by zero encountered in power
  X2 = np.dot(Xm, R * (S ** (-0.5)))

2025-07-14 21:47:41,693:WARNING:C:\Users\user\miniconda3\envs\od_zera_do_ai\Lib\site-packages\sklearn\discriminant_analysis.py:960: RuntimeWarning: invalid value encountered in multiply
  X2 = np.dot(Xm, R * (S ** (-0.5)))

2025-07-14 21:47:41,693:WARNING:C:\Users\user\miniconda3\envs\od_zera_do_ai\Lib\site-packages\sklearn\discriminant_analysis.py:963: RuntimeWarning: divide by zero encountered in log
  u = np.asarray([np.sum(np.log(s)) for s in self.scalings_])

2025-07-14 21:47:41,709:WARNING:C:\Users\user\miniconda3\envs\od_zera_do_ai\Lib\site-packages\sklearn\discriminant_analysis.py:960: RuntimeWarning: divide by zero encountered in power
  X2 = np.dot(Xm, R * (S ** (-0.5)))

2025-07-14 21:47:41,709:WARNING:C:\Users\user\miniconda3\envs\od_zera_do_ai\Lib\site-packages\sklearn\discriminant_analysis.py:960: RuntimeWarning: invalid value encountered in multiply
  X2 = np.dot(Xm, R * (S ** (-0.5)))

2025-07-14 21:47:41,709:WARNING:C:\Users\user\miniconda3\envs\od_zera_do_ai\Lib\site-packages\sklearn\discriminant_analysis.py:963: RuntimeWarning: divide by zero encountered in log
  u = np.asarray([np.sum(np.log(s)) for s in self.scalings_])

2025-07-14 21:47:41,709:WARNING:C:\Users\user\miniconda3\envs\od_zera_do_ai\Lib\site-packages\sklearn\discriminant_analysis.py:960: RuntimeWarning: divide by zero encountered in power
  X2 = np.dot(Xm, R * (S ** (-0.5)))

2025-07-14 21:47:41,709:WARNING:C:\Users\user\miniconda3\envs\od_zera_do_ai\Lib\site-packages\sklearn\discriminant_analysis.py:960: RuntimeWarning: invalid value encountered in multiply
  X2 = np.dot(Xm, R * (S ** (-0.5)))

2025-07-14 21:47:41,709:WARNING:C:\Users\user\miniconda3\envs\od_zera_do_ai\Lib\site-packages\sklearn\discriminant_analysis.py:963: RuntimeWarning: divide by zero encountered in log
  u = np.asarray([np.sum(np.log(s)) for s in self.scalings_])

2025-07-14 21:47:41,709:WARNING:C:\Users\user\miniconda3\envs\od_zera_do_ai\Lib\site-packages\sklearn\discriminant_analysis.py:960: RuntimeWarning: divide by zero encountered in power
  X2 = np.dot(Xm, R * (S ** (-0.5)))

2025-07-14 21:47:41,709:WARNING:C:\Users\user\miniconda3\envs\od_zera_do_ai\Lib\site-packages\sklearn\discriminant_analysis.py:960: RuntimeWarning: invalid value encountered in multiply
  X2 = np.dot(Xm, R * (S ** (-0.5)))

2025-07-14 21:47:41,709:WARNING:C:\Users\user\miniconda3\envs\od_zera_do_ai\Lib\site-packages\sklearn\discriminant_analysis.py:963: RuntimeWarning: divide by zero encountered in log
  u = np.asarray([np.sum(np.log(s)) for s in self.scalings_])

2025-07-14 21:47:41,709:WARNING:C:\Users\user\miniconda3\envs\od_zera_do_ai\Lib\site-packages\pycaret\internal\metrics.py:204: FitFailedWarning: Metric 'make_scorer(roc_auc_score, response_method=('decision_function', 'predict_proba'), average=weighted, multi_class=ovr)' failed and error score 0.0 has been returned instead. If this is a custom metric, this usually means that the error is in the metric code. Full exception below:
Traceback (most recent call last):
  File "C:\Users\user\miniconda3\envs\od_zera_do_ai\Lib\site-packages\pycaret\internal\metrics.py", line 196, in _score
    return super()._score(
           ^^^^^^^^^^^^^^^
  File "C:\Users\user\miniconda3\envs\od_zera_do_ai\Lib\site-packages\sklearn\metrics\_scorer.py", line 350, in _score
    return self._sign * self._score_func(y_true, y_pred, **scoring_kwargs)
                        ^^^^^^^^^^^^^^^^^^^^^^^^^^^^^^^^^^^^^^^^^^^^^^^^^^
  File "C:\Users\user\miniconda3\envs\od_zera_do_ai\Lib\site-packages\pycaret\internal\metrics.py", line 144, in __call__
    return self.score_func(y_true, y_pred, **kwargs)
           ^^^^^^^^^^^^^^^^^^^^^^^^^^^^^^^^^^^^^^^^^
  File "C:\Users\user\miniconda3\envs\od_zera_do_ai\Lib\site-packages\sklearn\utils\_param_validation.py", line 213, in wrapper
    return func(*args, **kwargs)
           ^^^^^^^^^^^^^^^^^^^^^
  File "C:\Users\user\miniconda3\envs\od_zera_do_ai\Lib\site-packages\sklearn\metrics\_ranking.py", line 619, in roc_auc_score
    y_score = check_array(y_score, ensure_2d=False)
              ^^^^^^^^^^^^^^^^^^^^^^^^^^^^^^^^^^^^^
  File "C:\Users\user\miniconda3\envs\od_zera_do_ai\Lib\site-packages\sklearn\utils\validation.py", line 1049, in check_array
    _assert_all_finite(
  File "C:\Users\user\miniconda3\envs\od_zera_do_ai\Lib\site-packages\sklearn\utils\validation.py", line 126, in _assert_all_finite
    _assert_all_finite_element_wise(
  File "C:\Users\user\miniconda3\envs\od_zera_do_ai\Lib\site-packages\sklearn\utils\validation.py", line 175, in _assert_all_finite_element_wise
    raise ValueError(msg_err)
ValueError: Input contains NaN.

  warnings.warn(

2025-07-14 21:47:41,709:WARNING:C:\Users\user\miniconda3\envs\od_zera_do_ai\Lib\site-packages\pycaret\internal\metrics.py:204: FitFailedWarning: Metric 'make_scorer(roc_auc_score, response_method=('decision_function', 'predict_proba'), average=weighted, multi_class=ovr)' failed and error score 0.0 has been returned instead. If this is a custom metric, this usually means that the error is in the metric code. Full exception below:
Traceback (most recent call last):
  File "C:\Users\user\miniconda3\envs\od_zera_do_ai\Lib\site-packages\pycaret\internal\metrics.py", line 196, in _score
    return super()._score(
           ^^^^^^^^^^^^^^^
  File "C:\Users\user\miniconda3\envs\od_zera_do_ai\Lib\site-packages\sklearn\metrics\_scorer.py", line 350, in _score
    return self._sign * self._score_func(y_true, y_pred, **scoring_kwargs)
                        ^^^^^^^^^^^^^^^^^^^^^^^^^^^^^^^^^^^^^^^^^^^^^^^^^^
  File "C:\Users\user\miniconda3\envs\od_zera_do_ai\Lib\site-packages\pycaret\internal\metrics.py", line 144, in __call__
    return self.score_func(y_true, y_pred, **kwargs)
           ^^^^^^^^^^^^^^^^^^^^^^^^^^^^^^^^^^^^^^^^^
  File "C:\Users\user\miniconda3\envs\od_zera_do_ai\Lib\site-packages\sklearn\utils\_param_validation.py", line 213, in wrapper
    return func(*args, **kwargs)
           ^^^^^^^^^^^^^^^^^^^^^
  File "C:\Users\user\miniconda3\envs\od_zera_do_ai\Lib\site-packages\sklearn\metrics\_ranking.py", line 619, in roc_auc_score
    y_score = check_array(y_score, ensure_2d=False)
              ^^^^^^^^^^^^^^^^^^^^^^^^^^^^^^^^^^^^^
  File "C:\Users\user\miniconda3\envs\od_zera_do_ai\Lib\site-packages\sklearn\utils\validation.py", line 1049, in check_array
    _assert_all_finite(
  File "C:\Users\user\miniconda3\envs\od_zera_do_ai\Lib\site-packages\sklearn\utils\validation.py", line 126, in _assert_all_finite
    _assert_all_finite_element_wise(
  File "C:\Users\user\miniconda3\envs\od_zera_do_ai\Lib\site-packages\sklearn\utils\validation.py", line 175, in _assert_all_finite_element_wise
    raise ValueError(msg_err)
ValueError: Input contains NaN.

  warnings.warn(

2025-07-14 21:47:41,740:INFO:Calculating mean and std
2025-07-14 21:47:41,740:INFO:Creating metrics dataframe
2025-07-14 21:47:41,740:INFO:Uploading results into container
2025-07-14 21:47:41,740:INFO:Uploading model into container now
2025-07-14 21:47:41,740:INFO:_master_model_container: 8
2025-07-14 21:47:41,740:INFO:_display_container: 2
2025-07-14 21:47:41,740:INFO:QuadraticDiscriminantAnalysis(priors=None, reg_param=0.0,
                              store_covariance=False, tol=0.0001)
2025-07-14 21:47:41,740:INFO:create_model() successfully completed......................................
2025-07-14 21:47:41,861:INFO:SubProcess create_model() end ==================================
2025-07-14 21:47:41,861:INFO:Creating metrics dataframe
2025-07-14 21:47:41,892:INFO:Initializing Ada Boost Classifier
2025-07-14 21:47:41,892:INFO:Total runtime is 0.3292100111643473 minutes
2025-07-14 21:47:41,892:INFO:SubProcess create_model() called ==================================
2025-07-14 21:47:41,892:INFO:Initializing create_model()
2025-07-14 21:47:41,892:INFO:create_model(self=<pycaret.classification.oop.ClassificationExperiment object at 0x0000020CFF1B1210>, estimator=ada, fold=StratifiedKFold(n_splits=10, random_state=None, shuffle=False), round=4, cross_validation=True, predict=True, fit_kwargs={}, groups=None, refit=False, probability_threshold=None, experiment_custom_tags=None, verbose=False, system=False, add_to_model_list=True, metrics=None, display=<pycaret.internal.display.display.CommonDisplay object at 0x0000020CFF3E7290>, model_only=True, return_train_score=False, error_score=0.0, kwargs={})
2025-07-14 21:47:41,892:INFO:Checking exceptions
2025-07-14 21:47:41,892:INFO:Importing libraries
2025-07-14 21:47:41,892:INFO:Copying training dataset
2025-07-14 21:47:41,908:INFO:Defining folds
2025-07-14 21:47:41,908:INFO:Declaring metric variables
2025-07-14 21:47:41,923:INFO:Importing untrained model
2025-07-14 21:47:41,923:INFO:Ada Boost Classifier Imported successfully
2025-07-14 21:47:41,953:INFO:Starting cross validation
2025-07-14 21:47:41,954:INFO:Cross validating with StratifiedKFold(n_splits=10, random_state=None, shuffle=False), n_jobs=-1
2025-07-14 21:47:42,244:WARNING:C:\Users\user\miniconda3\envs\od_zera_do_ai\Lib\site-packages\sklearn\ensemble\_weight_boosting.py:519: FutureWarning: The SAMME.R algorithm (the default) is deprecated and will be removed in 1.6. Use the SAMME algorithm to circumvent this warning.
  warnings.warn(

2025-07-14 21:47:42,244:WARNING:C:\Users\user\miniconda3\envs\od_zera_do_ai\Lib\site-packages\sklearn\ensemble\_weight_boosting.py:519: FutureWarning: The SAMME.R algorithm (the default) is deprecated and will be removed in 1.6. Use the SAMME algorithm to circumvent this warning.
  warnings.warn(

2025-07-14 21:47:42,265:WARNING:C:\Users\user\miniconda3\envs\od_zera_do_ai\Lib\site-packages\sklearn\ensemble\_weight_boosting.py:519: FutureWarning: The SAMME.R algorithm (the default) is deprecated and will be removed in 1.6. Use the SAMME algorithm to circumvent this warning.
  warnings.warn(

2025-07-14 21:47:42,287:WARNING:C:\Users\user\miniconda3\envs\od_zera_do_ai\Lib\site-packages\sklearn\ensemble\_weight_boosting.py:519: FutureWarning: The SAMME.R algorithm (the default) is deprecated and will be removed in 1.6. Use the SAMME algorithm to circumvent this warning.
  warnings.warn(

2025-07-14 21:47:42,287:WARNING:C:\Users\user\miniconda3\envs\od_zera_do_ai\Lib\site-packages\sklearn\ensemble\_weight_boosting.py:519: FutureWarning: The SAMME.R algorithm (the default) is deprecated and will be removed in 1.6. Use the SAMME algorithm to circumvent this warning.
  warnings.warn(

2025-07-14 21:47:42,296:WARNING:C:\Users\user\miniconda3\envs\od_zera_do_ai\Lib\site-packages\sklearn\ensemble\_weight_boosting.py:519: FutureWarning: The SAMME.R algorithm (the default) is deprecated and will be removed in 1.6. Use the SAMME algorithm to circumvent this warning.
  warnings.warn(

2025-07-14 21:47:42,329:WARNING:C:\Users\user\miniconda3\envs\od_zera_do_ai\Lib\site-packages\sklearn\ensemble\_weight_boosting.py:519: FutureWarning: The SAMME.R algorithm (the default) is deprecated and will be removed in 1.6. Use the SAMME algorithm to circumvent this warning.
  warnings.warn(

2025-07-14 21:47:42,361:WARNING:C:\Users\user\miniconda3\envs\od_zera_do_ai\Lib\site-packages\sklearn\ensemble\_weight_boosting.py:519: FutureWarning: The SAMME.R algorithm (the default) is deprecated and will be removed in 1.6. Use the SAMME algorithm to circumvent this warning.
  warnings.warn(

2025-07-14 21:47:42,894:WARNING:C:\Users\user\miniconda3\envs\od_zera_do_ai\Lib\site-packages\sklearn\ensemble\_weight_boosting.py:519: FutureWarning: The SAMME.R algorithm (the default) is deprecated and will be removed in 1.6. Use the SAMME algorithm to circumvent this warning.
  warnings.warn(

2025-07-14 21:47:42,910:WARNING:C:\Users\user\miniconda3\envs\od_zera_do_ai\Lib\site-packages\sklearn\ensemble\_weight_boosting.py:519: FutureWarning: The SAMME.R algorithm (the default) is deprecated and will be removed in 1.6. Use the SAMME algorithm to circumvent this warning.
  warnings.warn(

2025-07-14 21:47:43,241:INFO:Calculating mean and std
2025-07-14 21:47:43,257:INFO:Creating metrics dataframe
2025-07-14 21:47:43,257:INFO:Uploading results into container
2025-07-14 21:47:43,257:INFO:Uploading model into container now
2025-07-14 21:47:43,257:INFO:_master_model_container: 9
2025-07-14 21:47:43,257:INFO:_display_container: 2
2025-07-14 21:47:43,257:INFO:AdaBoostClassifier(algorithm='SAMME.R', estimator=None, learning_rate=1.0,
                   n_estimators=50, random_state=123)
2025-07-14 21:47:43,257:INFO:create_model() successfully completed......................................
2025-07-14 21:47:43,411:INFO:SubProcess create_model() end ==================================
2025-07-14 21:47:43,427:INFO:Creating metrics dataframe
2025-07-14 21:47:43,442:INFO:Initializing Gradient Boosting Classifier
2025-07-14 21:47:43,442:INFO:Total runtime is 0.35505238771438596 minutes
2025-07-14 21:47:43,442:INFO:SubProcess create_model() called ==================================
2025-07-14 21:47:43,442:INFO:Initializing create_model()
2025-07-14 21:47:43,442:INFO:create_model(self=<pycaret.classification.oop.ClassificationExperiment object at 0x0000020CFF1B1210>, estimator=gbc, fold=StratifiedKFold(n_splits=10, random_state=None, shuffle=False), round=4, cross_validation=True, predict=True, fit_kwargs={}, groups=None, refit=False, probability_threshold=None, experiment_custom_tags=None, verbose=False, system=False, add_to_model_list=True, metrics=None, display=<pycaret.internal.display.display.CommonDisplay object at 0x0000020CFF3E7290>, model_only=True, return_train_score=False, error_score=0.0, kwargs={})
2025-07-14 21:47:43,442:INFO:Checking exceptions
2025-07-14 21:47:43,442:INFO:Importing libraries
2025-07-14 21:47:43,442:INFO:Copying training dataset
2025-07-14 21:47:43,458:INFO:Defining folds
2025-07-14 21:47:43,458:INFO:Declaring metric variables
2025-07-14 21:47:43,458:INFO:Importing untrained model
2025-07-14 21:47:43,474:INFO:Gradient Boosting Classifier Imported successfully
2025-07-14 21:47:43,489:INFO:Starting cross validation
2025-07-14 21:47:43,489:INFO:Cross validating with StratifiedKFold(n_splits=10, random_state=None, shuffle=False), n_jobs=-1
2025-07-14 21:47:45,001:INFO:Calculating mean and std
2025-07-14 21:47:45,001:INFO:Creating metrics dataframe
2025-07-14 21:47:45,001:INFO:Uploading results into container
2025-07-14 21:47:45,001:INFO:Uploading model into container now
2025-07-14 21:47:45,001:INFO:_master_model_container: 10
2025-07-14 21:47:45,001:INFO:_display_container: 2
2025-07-14 21:47:45,001:INFO:GradientBoostingClassifier(ccp_alpha=0.0, criterion='friedman_mse', init=None,
                           learning_rate=0.1, loss='log_loss', max_depth=3,
                           max_features=None, max_leaf_nodes=None,
                           min_impurity_decrease=0.0, min_samples_leaf=1,
                           min_samples_split=2, min_weight_fraction_leaf=0.0,
                           n_estimators=100, n_iter_no_change=None,
                           random_state=123, subsample=1.0, tol=0.0001,
                           validation_fraction=0.1, verbose=0,
                           warm_start=False)
2025-07-14 21:47:45,009:INFO:create_model() successfully completed......................................
2025-07-14 21:47:45,119:INFO:SubProcess create_model() end ==================================
2025-07-14 21:47:45,119:INFO:Creating metrics dataframe
2025-07-14 21:47:45,148:INFO:Initializing Linear Discriminant Analysis
2025-07-14 21:47:45,149:INFO:Total runtime is 0.3834944407145182 minutes
2025-07-14 21:47:45,151:INFO:SubProcess create_model() called ==================================
2025-07-14 21:47:45,151:INFO:Initializing create_model()
2025-07-14 21:47:45,151:INFO:create_model(self=<pycaret.classification.oop.ClassificationExperiment object at 0x0000020CFF1B1210>, estimator=lda, fold=StratifiedKFold(n_splits=10, random_state=None, shuffle=False), round=4, cross_validation=True, predict=True, fit_kwargs={}, groups=None, refit=False, probability_threshold=None, experiment_custom_tags=None, verbose=False, system=False, add_to_model_list=True, metrics=None, display=<pycaret.internal.display.display.CommonDisplay object at 0x0000020CFF3E7290>, model_only=True, return_train_score=False, error_score=0.0, kwargs={})
2025-07-14 21:47:45,151:INFO:Checking exceptions
2025-07-14 21:47:45,151:INFO:Importing libraries
2025-07-14 21:47:45,151:INFO:Copying training dataset
2025-07-14 21:47:45,167:INFO:Defining folds
2025-07-14 21:47:45,167:INFO:Declaring metric variables
2025-07-14 21:47:45,182:INFO:Importing untrained model
2025-07-14 21:47:45,182:INFO:Linear Discriminant Analysis Imported successfully
2025-07-14 21:47:45,198:INFO:Starting cross validation
2025-07-14 21:47:45,198:INFO:Cross validating with StratifiedKFold(n_splits=10, random_state=None, shuffle=False), n_jobs=-1
2025-07-14 21:47:45,969:INFO:Calculating mean and std
2025-07-14 21:47:45,969:INFO:Creating metrics dataframe
2025-07-14 21:47:45,984:INFO:Uploading results into container
2025-07-14 21:47:45,984:INFO:Uploading model into container now
2025-07-14 21:47:45,984:INFO:_master_model_container: 11
2025-07-14 21:47:45,984:INFO:_display_container: 2
2025-07-14 21:47:45,984:INFO:LinearDiscriminantAnalysis(covariance_estimator=None, n_components=None,
                           priors=None, shrinkage=None, solver='svd',
                           store_covariance=False, tol=0.0001)
2025-07-14 21:47:45,984:INFO:create_model() successfully completed......................................
2025-07-14 21:47:46,138:INFO:SubProcess create_model() end ==================================
2025-07-14 21:47:46,138:INFO:Creating metrics dataframe
2025-07-14 21:47:46,154:INFO:Initializing Extra Trees Classifier
2025-07-14 21:47:46,154:INFO:Total runtime is 0.4002370834350586 minutes
2025-07-14 21:47:46,154:INFO:SubProcess create_model() called ==================================
2025-07-14 21:47:46,154:INFO:Initializing create_model()
2025-07-14 21:47:46,154:INFO:create_model(self=<pycaret.classification.oop.ClassificationExperiment object at 0x0000020CFF1B1210>, estimator=et, fold=StratifiedKFold(n_splits=10, random_state=None, shuffle=False), round=4, cross_validation=True, predict=True, fit_kwargs={}, groups=None, refit=False, probability_threshold=None, experiment_custom_tags=None, verbose=False, system=False, add_to_model_list=True, metrics=None, display=<pycaret.internal.display.display.CommonDisplay object at 0x0000020CFF3E7290>, model_only=True, return_train_score=False, error_score=0.0, kwargs={})
2025-07-14 21:47:46,154:INFO:Checking exceptions
2025-07-14 21:47:46,154:INFO:Importing libraries
2025-07-14 21:47:46,154:INFO:Copying training dataset
2025-07-14 21:47:46,169:INFO:Defining folds
2025-07-14 21:47:46,169:INFO:Declaring metric variables
2025-07-14 21:47:46,169:INFO:Importing untrained model
2025-07-14 21:47:46,185:INFO:Extra Trees Classifier Imported successfully
2025-07-14 21:47:46,185:INFO:Starting cross validation
2025-07-14 21:47:46,200:INFO:Cross validating with StratifiedKFold(n_splits=10, random_state=None, shuffle=False), n_jobs=-1
2025-07-14 21:47:47,815:INFO:Calculating mean and std
2025-07-14 21:47:47,815:INFO:Creating metrics dataframe
2025-07-14 21:47:47,830:INFO:Uploading results into container
2025-07-14 21:47:47,830:INFO:Uploading model into container now
2025-07-14 21:47:47,830:INFO:_master_model_container: 12
2025-07-14 21:47:47,830:INFO:_display_container: 2
2025-07-14 21:47:47,830:INFO:ExtraTreesClassifier(bootstrap=False, ccp_alpha=0.0, class_weight=None,
                     criterion='gini', max_depth=None, max_features='sqrt',
                     max_leaf_nodes=None, max_samples=None,
                     min_impurity_decrease=0.0, min_samples_leaf=1,
                     min_samples_split=2, min_weight_fraction_leaf=0.0,
                     monotonic_cst=None, n_estimators=100, n_jobs=-1,
                     oob_score=False, random_state=123, verbose=0,
                     warm_start=False)
2025-07-14 21:47:47,830:INFO:create_model() successfully completed......................................
2025-07-14 21:47:47,955:INFO:SubProcess create_model() end ==================================
2025-07-14 21:47:47,955:INFO:Creating metrics dataframe
2025-07-14 21:47:47,971:INFO:Initializing Light Gradient Boosting Machine
2025-07-14 21:47:47,971:INFO:Total runtime is 0.43052481015523275 minutes
2025-07-14 21:47:47,971:INFO:SubProcess create_model() called ==================================
2025-07-14 21:47:47,971:INFO:Initializing create_model()
2025-07-14 21:47:47,971:INFO:create_model(self=<pycaret.classification.oop.ClassificationExperiment object at 0x0000020CFF1B1210>, estimator=lightgbm, fold=StratifiedKFold(n_splits=10, random_state=None, shuffle=False), round=4, cross_validation=True, predict=True, fit_kwargs={}, groups=None, refit=False, probability_threshold=None, experiment_custom_tags=None, verbose=False, system=False, add_to_model_list=True, metrics=None, display=<pycaret.internal.display.display.CommonDisplay object at 0x0000020CFF3E7290>, model_only=True, return_train_score=False, error_score=0.0, kwargs={})
2025-07-14 21:47:47,971:INFO:Checking exceptions
2025-07-14 21:47:47,971:INFO:Importing libraries
2025-07-14 21:47:47,971:INFO:Copying training dataset
2025-07-14 21:47:47,986:INFO:Defining folds
2025-07-14 21:47:47,986:INFO:Declaring metric variables
2025-07-14 21:47:47,986:INFO:Importing untrained model
2025-07-14 21:47:48,002:INFO:Light Gradient Boosting Machine Imported successfully
2025-07-14 21:47:48,018:INFO:Starting cross validation
2025-07-14 21:47:48,018:INFO:Cross validating with StratifiedKFold(n_splits=10, random_state=None, shuffle=False), n_jobs=-1
2025-07-14 21:47:50,414:INFO:Calculating mean and std
2025-07-14 21:47:50,416:INFO:Creating metrics dataframe
2025-07-14 21:47:50,416:INFO:Uploading results into container
2025-07-14 21:47:50,416:INFO:Uploading model into container now
2025-07-14 21:47:50,416:INFO:_master_model_container: 13
2025-07-14 21:47:50,416:INFO:_display_container: 2
2025-07-14 21:47:50,416:INFO:LGBMClassifier(boosting_type='gbdt', class_weight=None, colsample_bytree=1.0,
               importance_type='split', learning_rate=0.1, max_depth=-1,
               min_child_samples=20, min_child_weight=0.001, min_split_gain=0.0,
               n_estimators=100, n_jobs=-1, num_leaves=31, objective=None,
               random_state=123, reg_alpha=0.0, reg_lambda=0.0, subsample=1.0,
               subsample_for_bin=200000, subsample_freq=0)
2025-07-14 21:47:50,416:INFO:create_model() successfully completed......................................
2025-07-14 21:47:50,550:INFO:SubProcess create_model() end ==================================
2025-07-14 21:47:50,568:INFO:Creating metrics dataframe
2025-07-14 21:47:50,588:INFO:Initializing Dummy Classifier
2025-07-14 21:47:50,588:INFO:Total runtime is 0.47414228518803914 minutes
2025-07-14 21:47:50,603:INFO:SubProcess create_model() called ==================================
2025-07-14 21:47:50,603:INFO:Initializing create_model()
2025-07-14 21:47:50,603:INFO:create_model(self=<pycaret.classification.oop.ClassificationExperiment object at 0x0000020CFF1B1210>, estimator=dummy, fold=StratifiedKFold(n_splits=10, random_state=None, shuffle=False), round=4, cross_validation=True, predict=True, fit_kwargs={}, groups=None, refit=False, probability_threshold=None, experiment_custom_tags=None, verbose=False, system=False, add_to_model_list=True, metrics=None, display=<pycaret.internal.display.display.CommonDisplay object at 0x0000020CFF3E7290>, model_only=True, return_train_score=False, error_score=0.0, kwargs={})
2025-07-14 21:47:50,603:INFO:Checking exceptions
2025-07-14 21:47:50,603:INFO:Importing libraries
2025-07-14 21:47:50,603:INFO:Copying training dataset
2025-07-14 21:47:50,619:INFO:Defining folds
2025-07-14 21:47:50,619:INFO:Declaring metric variables
2025-07-14 21:47:50,619:INFO:Importing untrained model
2025-07-14 21:47:50,635:INFO:Dummy Classifier Imported successfully
2025-07-14 21:47:50,635:INFO:Starting cross validation
2025-07-14 21:47:50,650:INFO:Cross validating with StratifiedKFold(n_splits=10, random_state=None, shuffle=False), n_jobs=-1
2025-07-14 21:47:51,088:WARNING:C:\Users\user\miniconda3\envs\od_zera_do_ai\Lib\site-packages\sklearn\metrics\_classification.py:1509: UndefinedMetricWarning: Precision is ill-defined and being set to 0.0 due to no predicted samples. Use `zero_division` parameter to control this behavior.
  _warn_prf(average, modifier, f"{metric.capitalize()} is", len(result))

2025-07-14 21:47:51,088:WARNING:C:\Users\user\miniconda3\envs\od_zera_do_ai\Lib\site-packages\sklearn\metrics\_classification.py:1509: UndefinedMetricWarning: Precision is ill-defined and being set to 0.0 due to no predicted samples. Use `zero_division` parameter to control this behavior.
  _warn_prf(average, modifier, f"{metric.capitalize()} is", len(result))

2025-07-14 21:47:51,119:WARNING:C:\Users\user\miniconda3\envs\od_zera_do_ai\Lib\site-packages\sklearn\metrics\_classification.py:1509: UndefinedMetricWarning: Precision is ill-defined and being set to 0.0 due to no predicted samples. Use `zero_division` parameter to control this behavior.
  _warn_prf(average, modifier, f"{metric.capitalize()} is", len(result))

2025-07-14 21:47:51,135:WARNING:C:\Users\user\miniconda3\envs\od_zera_do_ai\Lib\site-packages\sklearn\metrics\_classification.py:1509: UndefinedMetricWarning: Precision is ill-defined and being set to 0.0 due to no predicted samples. Use `zero_division` parameter to control this behavior.
  _warn_prf(average, modifier, f"{metric.capitalize()} is", len(result))

2025-07-14 21:47:51,166:WARNING:C:\Users\user\miniconda3\envs\od_zera_do_ai\Lib\site-packages\sklearn\metrics\_classification.py:1509: UndefinedMetricWarning: Precision is ill-defined and being set to 0.0 due to no predicted samples. Use `zero_division` parameter to control this behavior.
  _warn_prf(average, modifier, f"{metric.capitalize()} is", len(result))

2025-07-14 21:47:51,197:WARNING:C:\Users\user\miniconda3\envs\od_zera_do_ai\Lib\site-packages\sklearn\metrics\_classification.py:1509: UndefinedMetricWarning: Precision is ill-defined and being set to 0.0 due to no predicted samples. Use `zero_division` parameter to control this behavior.
  _warn_prf(average, modifier, f"{metric.capitalize()} is", len(result))

2025-07-14 21:47:51,213:WARNING:C:\Users\user\miniconda3\envs\od_zera_do_ai\Lib\site-packages\sklearn\metrics\_classification.py:1509: UndefinedMetricWarning: Precision is ill-defined and being set to 0.0 due to no predicted samples. Use `zero_division` parameter to control this behavior.
  _warn_prf(average, modifier, f"{metric.capitalize()} is", len(result))

2025-07-14 21:47:51,417:WARNING:C:\Users\user\miniconda3\envs\od_zera_do_ai\Lib\site-packages\sklearn\metrics\_classification.py:1509: UndefinedMetricWarning: Precision is ill-defined and being set to 0.0 due to no predicted samples. Use `zero_division` parameter to control this behavior.
  _warn_prf(average, modifier, f"{metric.capitalize()} is", len(result))

2025-07-14 21:47:51,433:WARNING:C:\Users\user\miniconda3\envs\od_zera_do_ai\Lib\site-packages\sklearn\metrics\_classification.py:1509: UndefinedMetricWarning: Precision is ill-defined and being set to 0.0 due to no predicted samples. Use `zero_division` parameter to control this behavior.
  _warn_prf(average, modifier, f"{metric.capitalize()} is", len(result))

2025-07-14 21:47:51,433:INFO:Calculating mean and std
2025-07-14 21:47:51,433:INFO:Creating metrics dataframe
2025-07-14 21:47:51,449:INFO:Uploading results into container
2025-07-14 21:47:51,449:INFO:Uploading model into container now
2025-07-14 21:47:51,449:INFO:_master_model_container: 14
2025-07-14 21:47:51,449:INFO:_display_container: 2
2025-07-14 21:47:51,449:INFO:DummyClassifier(constant=None, random_state=123, strategy='prior')
2025-07-14 21:47:51,449:INFO:create_model() successfully completed......................................
2025-07-14 21:47:51,598:INFO:SubProcess create_model() end ==================================
2025-07-14 21:47:51,598:INFO:Creating metrics dataframe
2025-07-14 21:47:51,614:WARNING:C:\Users\user\miniconda3\envs\od_zera_do_ai\Lib\site-packages\pycaret\internal\pycaret_experiment\supervised_experiment.py:339: FutureWarning: Styler.applymap has been deprecated. Use Styler.map instead.
  .applymap(highlight_cols, subset=["TT (Sec)"])

2025-07-14 21:47:51,630:INFO:Initializing create_model()
2025-07-14 21:47:51,630:INFO:create_model(self=<pycaret.classification.oop.ClassificationExperiment object at 0x0000020CFF1B1210>, estimator=RidgeClassifier(alpha=1.0, class_weight=None, copy_X=True, fit_intercept=True,
                max_iter=None, positive=False, random_state=123, solver='auto',
                tol=0.0001), fold=StratifiedKFold(n_splits=10, random_state=None, shuffle=False), round=4, cross_validation=False, predict=False, fit_kwargs={}, groups=None, refit=True, probability_threshold=None, experiment_custom_tags=None, verbose=False, system=False, add_to_model_list=True, metrics=None, display=None, model_only=True, return_train_score=False, error_score=0.0, kwargs={})
2025-07-14 21:47:51,630:INFO:Checking exceptions
2025-07-14 21:47:51,630:INFO:Importing libraries
2025-07-14 21:47:51,630:INFO:Copying training dataset
2025-07-14 21:47:51,645:INFO:Defining folds
2025-07-14 21:47:51,645:INFO:Declaring metric variables
2025-07-14 21:47:51,645:INFO:Importing untrained model
2025-07-14 21:47:51,645:INFO:Declaring custom model
2025-07-14 21:47:51,645:INFO:Ridge Classifier Imported successfully
2025-07-14 21:47:51,645:INFO:Cross validation set to False
2025-07-14 21:47:51,645:INFO:Fitting Model
2025-07-14 21:47:51,814:INFO:RidgeClassifier(alpha=1.0, class_weight=None, copy_X=True, fit_intercept=True,
                max_iter=None, positive=False, random_state=123, solver='auto',
                tol=0.0001)
2025-07-14 21:47:51,814:INFO:create_model() successfully completed......................................
2025-07-14 21:47:52,013:INFO:_master_model_container: 14
2025-07-14 21:47:52,013:INFO:_display_container: 2
2025-07-14 21:47:52,013:INFO:RidgeClassifier(alpha=1.0, class_weight=None, copy_X=True, fit_intercept=True,
                max_iter=None, positive=False, random_state=123, solver='auto',
                tol=0.0001)
2025-07-14 21:47:52,013:INFO:compare_models() successfully completed......................................
2025-07-14 21:47:52,020:INFO:Initializing plot_model()
2025-07-14 21:47:52,020:INFO:plot_model(self=<pycaret.classification.oop.ClassificationExperiment object at 0x0000020CFF1B1210>, estimator=RidgeClassifier(alpha=1.0, class_weight=None, copy_X=True, fit_intercept=True,
                max_iter=None, positive=False, random_state=123, solver='auto',
                tol=0.0001), plot=confusion_matrix, scale=1, save=False, fold=None, fit_kwargs=None, plot_kwargs=None, groups=None, feature_name=None, label=False, verbose=True, system=True, display=None, display_format=None)
2025-07-14 21:47:52,020:INFO:Checking exceptions
2025-07-14 21:47:52,036:INFO:Preloading libraries
2025-07-14 21:47:52,036:INFO:Copying training dataset
2025-07-14 21:47:52,036:INFO:Plot type: confusion_matrix
2025-07-14 21:47:52,270:INFO:Fitting Model
2025-07-14 21:47:52,270:WARNING:C:\Users\user\miniconda3\envs\od_zera_do_ai\Lib\site-packages\sklearn\base.py:493: UserWarning: X does not have valid feature names, but RidgeClassifier was fitted with feature names
  warnings.warn(

2025-07-14 21:47:52,270:INFO:Scoring test/hold-out set
2025-07-14 21:47:52,498:INFO:Visual Rendered Successfully
2025-07-14 21:47:52,607:INFO:plot_model() successfully completed......................................
2025-07-14 21:47:52,623:INFO:Initializing plot_model()
2025-07-14 21:47:52,623:INFO:plot_model(self=<pycaret.classification.oop.ClassificationExperiment object at 0x0000020CFF1B1210>, estimator=RidgeClassifier(alpha=1.0, class_weight=None, copy_X=True, fit_intercept=True,
                max_iter=None, positive=False, random_state=123, solver='auto',
                tol=0.0001), plot=feature, scale=1, save=False, fold=None, fit_kwargs=None, plot_kwargs=None, groups=None, feature_name=None, label=False, verbose=True, system=True, display=None, display_format=None)
2025-07-14 21:47:52,623:INFO:Checking exceptions
2025-07-14 21:47:52,638:INFO:Preloading libraries
2025-07-14 21:47:52,638:INFO:Copying training dataset
2025-07-14 21:47:52,638:INFO:Plot type: feature
2025-07-14 21:47:52,984:INFO:Visual Rendered Successfully
2025-07-14 21:47:53,109:INFO:plot_model() successfully completed......................................
2025-07-14 21:47:53,329:WARNING:C:\Users\user\miniconda3\envs\od_zera_do_ai\Lib\site-packages\joblib\_memmapping_reducer.py:611: UserWarning: Failed to delete temporary folder: C:\Users\user\AppData\Local\Temp\joblib_memmapping_folder_4184_ec042ad4ac574bb582ff40db248053d9_2f08e4a23a1f40158c2f21f7a550e487
  warnings.warn("Failed to delete temporary folder: {}"

2025-07-14 21:47:53,329:WARNING:C:\Users\user\miniconda3\envs\od_zera_do_ai\Lib\site-packages\joblib\_memmapping_reducer.py:611: UserWarning: Failed to delete temporary folder: C:\Users\user\AppData\Local\Temp\joblib_memmapping_folder_4184_40b88315fb2c4b8cb4bff34bd884971d_2a3926d260664362b243963b8848caf5
  warnings.warn("Failed to delete temporary folder: {}"

2025-07-14 21:47:53,329:WARNING:C:\Users\user\miniconda3\envs\od_zera_do_ai\Lib\site-packages\joblib\_memmapping_reducer.py:611: UserWarning: Failed to delete temporary folder: C:\Users\user\AppData\Local\Temp\joblib_memmapping_folder_4184_ec042ad4ac574bb582ff40db248053d9_073e36ee52604cdf8381e9263ad98471
  warnings.warn("Failed to delete temporary folder: {}"

2025-07-14 21:47:53,329:WARNING:C:\Users\user\miniconda3\envs\od_zera_do_ai\Lib\site-packages\joblib\_memmapping_reducer.py:611: UserWarning: Failed to delete temporary folder: C:\Users\user\AppData\Local\Temp\joblib_memmapping_folder_4184_4befb3ce5e5447b49caf392cc592b161_7316733b40c54f54a40359ac3b43e681
  warnings.warn("Failed to delete temporary folder: {}"

2025-07-14 21:47:53,329:WARNING:C:\Users\user\miniconda3\envs\od_zera_do_ai\Lib\site-packages\joblib\_memmapping_reducer.py:611: UserWarning: Failed to delete temporary folder: C:\Users\user\AppData\Local\Temp\joblib_memmapping_folder_4184_ec042ad4ac574bb582ff40db248053d9_d7b0f9799db54a4399fb8cf0df15f943
  warnings.warn("Failed to delete temporary folder: {}"

2025-07-14 21:47:53,329:WARNING:C:\Users\user\miniconda3\envs\od_zera_do_ai\Lib\site-packages\joblib\_memmapping_reducer.py:611: UserWarning: Failed to delete temporary folder: C:\Users\user\AppData\Local\Temp\joblib_memmapping_folder_4184_b79d432a1d7c4495b65ec58a2be45ffc_05884146218041cca6dc45d683ae291d
  warnings.warn("Failed to delete temporary folder: {}"

2025-07-14 21:47:53,329:WARNING:C:\Users\user\miniconda3\envs\od_zera_do_ai\Lib\site-packages\joblib\_memmapping_reducer.py:611: UserWarning: Failed to delete temporary folder: C:\Users\user\AppData\Local\Temp\joblib_memmapping_folder_4184_ec042ad4ac574bb582ff40db248053d9_6dc2f74fbe51474588e4520cf0409173
  warnings.warn("Failed to delete temporary folder: {}"

2025-07-14 21:47:53,329:WARNING:C:\Users\user\miniconda3\envs\od_zera_do_ai\Lib\site-packages\joblib\_memmapping_reducer.py:611: UserWarning: Failed to delete temporary folder: C:\Users\user\AppData\Local\Temp\joblib_memmapping_folder_4184_141f1c7d5d27455cacae9723a8ba2f5b_8f7a25aae63e4ed7a4f1ee7da27b0cfc
  warnings.warn("Failed to delete temporary folder: {}"

2025-07-14 21:47:53,329:WARNING:C:\Users\user\miniconda3\envs\od_zera_do_ai\Lib\site-packages\joblib\_memmapping_reducer.py:611: UserWarning: Failed to delete temporary folder: C:\Users\user\AppData\Local\Temp\joblib_memmapping_folder_4184_ec042ad4ac574bb582ff40db248053d9_6c312057b44b46b4a288edc0cb236c05
  warnings.warn("Failed to delete temporary folder: {}"

2025-07-14 21:47:53,329:WARNING:C:\Users\user\miniconda3\envs\od_zera_do_ai\Lib\site-packages\joblib\_memmapping_reducer.py:611: UserWarning: Failed to delete temporary folder: C:\Users\user\AppData\Local\Temp\joblib_memmapping_folder_4184_29c31d32325f44b2871565ce8e9a41d8_e1e1e140400a4d28b4d0de82d4a85221
  warnings.warn("Failed to delete temporary folder: {}"

2025-07-14 21:47:53,329:WARNING:C:\Users\user\miniconda3\envs\od_zera_do_ai\Lib\site-packages\joblib\_memmapping_reducer.py:611: UserWarning: Failed to delete temporary folder: C:\Users\user\AppData\Local\Temp\joblib_memmapping_folder_4184_ec042ad4ac574bb582ff40db248053d9_f0a2e2e4ace54aa3b513e1c698dd2450
  warnings.warn("Failed to delete temporary folder: {}"

2025-07-14 21:47:53,329:WARNING:C:\Users\user\miniconda3\envs\od_zera_do_ai\Lib\site-packages\joblib\_memmapping_reducer.py:611: UserWarning: Failed to delete temporary folder: C:\Users\user\AppData\Local\Temp\joblib_memmapping_folder_4184_0fda7d1bca7a4f4ea1c4f1524973010b_7e234a7ba216401c8aa1c84ba0317126
  warnings.warn("Failed to delete temporary folder: {}"

2025-07-14 21:47:53,329:WARNING:C:\Users\user\miniconda3\envs\od_zera_do_ai\Lib\site-packages\joblib\_memmapping_reducer.py:611: UserWarning: Failed to delete temporary folder: C:\Users\user\AppData\Local\Temp\joblib_memmapping_folder_4184_ec042ad4ac574bb582ff40db248053d9_64d3094825944e56856f3527c2dffc52
  warnings.warn("Failed to delete temporary folder: {}"

2025-07-14 21:47:53,329:WARNING:C:\Users\user\miniconda3\envs\od_zera_do_ai\Lib\site-packages\joblib\_memmapping_reducer.py:611: UserWarning: Failed to delete temporary folder: C:\Users\user\AppData\Local\Temp\joblib_memmapping_folder_4184_b414589fa03e48078b6c16c1e33903de_fcd20ba554804353b959c39f8137e52c
  warnings.warn("Failed to delete temporary folder: {}"

2025-07-14 21:47:53,329:WARNING:C:\Users\user\miniconda3\envs\od_zera_do_ai\Lib\site-packages\joblib\_memmapping_reducer.py:611: UserWarning: Failed to delete temporary folder: C:\Users\user\AppData\Local\Temp\joblib_memmapping_folder_4184_ec042ad4ac574bb582ff40db248053d9_98f8da26dec542ac9ef688c1747f76d8
  warnings.warn("Failed to delete temporary folder: {}"

2025-07-14 21:47:53,329:WARNING:C:\Users\user\miniconda3\envs\od_zera_do_ai\Lib\site-packages\joblib\_memmapping_reducer.py:611: UserWarning: Failed to delete temporary folder: C:\Users\user\AppData\Local\Temp\joblib_memmapping_folder_4184_5a9fc64057464069955919b288a69daf_8bed449165e941f6b2469e03554299be
  warnings.warn("Failed to delete temporary folder: {}"

2025-07-14 21:47:53,329:WARNING:C:\Users\user\miniconda3\envs\od_zera_do_ai\Lib\site-packages\joblib\_memmapping_reducer.py:611: UserWarning: Failed to delete temporary folder: C:\Users\user\AppData\Local\Temp\joblib_memmapping_folder_4184_ec042ad4ac574bb582ff40db248053d9_6661a57cab804503a031fe20f5dcea18
  warnings.warn("Failed to delete temporary folder: {}"

2025-07-14 21:47:53,329:WARNING:C:\Users\user\miniconda3\envs\od_zera_do_ai\Lib\site-packages\joblib\_memmapping_reducer.py:611: UserWarning: Failed to delete temporary folder: C:\Users\user\AppData\Local\Temp\joblib_memmapping_folder_4184_75383801b61e4ae6b70ad40e2d7324f2_b54537748e774d9f90bffe6705cd024f
  warnings.warn("Failed to delete temporary folder: {}"

2025-07-14 21:47:53,329:WARNING:C:\Users\user\miniconda3\envs\od_zera_do_ai\Lib\site-packages\joblib\_memmapping_reducer.py:611: UserWarning: Failed to delete temporary folder: C:\Users\user\AppData\Local\Temp\joblib_memmapping_folder_4184_ec042ad4ac574bb582ff40db248053d9_35235152804e4218bc9283b1a452e002
  warnings.warn("Failed to delete temporary folder: {}"

2025-07-14 21:47:53,329:WARNING:C:\Users\user\miniconda3\envs\od_zera_do_ai\Lib\site-packages\joblib\_memmapping_reducer.py:611: UserWarning: Failed to delete temporary folder: C:\Users\user\AppData\Local\Temp\joblib_memmapping_folder_4184_02e99e628c1b4e8fbbd2a9475bb964f0_641d778c4baa45eb947de01f653e64ad
  warnings.warn("Failed to delete temporary folder: {}"

2025-07-14 21:47:53,329:WARNING:C:\Users\user\miniconda3\envs\od_zera_do_ai\Lib\site-packages\joblib\_memmapping_reducer.py:611: UserWarning: Failed to delete temporary folder: C:\Users\user\AppData\Local\Temp\joblib_memmapping_folder_4184_ec042ad4ac574bb582ff40db248053d9_1a04ce93860642f38977e2dcabf374b2
  warnings.warn("Failed to delete temporary folder: {}"

2025-07-14 21:47:53,329:WARNING:C:\Users\user\miniconda3\envs\od_zera_do_ai\Lib\site-packages\joblib\_memmapping_reducer.py:611: UserWarning: Failed to delete temporary folder: C:\Users\user\AppData\Local\Temp\joblib_memmapping_folder_4184_03d0f50977d84dd9bdc4d9a2571fcb81_71fbe60002ad48b6a05f46c0fa514d66
  warnings.warn("Failed to delete temporary folder: {}"

2025-07-14 21:47:53,329:WARNING:C:\Users\user\miniconda3\envs\od_zera_do_ai\Lib\site-packages\joblib\_memmapping_reducer.py:611: UserWarning: Failed to delete temporary folder: C:\Users\user\AppData\Local\Temp\joblib_memmapping_folder_4184_ec042ad4ac574bb582ff40db248053d9_7570785c10484656b9304dc78957c27c
  warnings.warn("Failed to delete temporary folder: {}"

2025-07-14 21:47:53,329:WARNING:C:\Users\user\miniconda3\envs\od_zera_do_ai\Lib\site-packages\joblib\_memmapping_reducer.py:611: UserWarning: Failed to delete temporary folder: C:\Users\user\AppData\Local\Temp\joblib_memmapping_folder_4184_c902491b457747f983a7fab903395ca4_c48208b8ed9b4ae689014d1482bea7df
  warnings.warn("Failed to delete temporary folder: {}"

2025-07-14 21:47:53,329:WARNING:C:\Users\user\miniconda3\envs\od_zera_do_ai\Lib\site-packages\joblib\_memmapping_reducer.py:611: UserWarning: Failed to delete temporary folder: C:\Users\user\AppData\Local\Temp\joblib_memmapping_folder_4184_ec042ad4ac574bb582ff40db248053d9_6d6f7153a51446c09315551891aecd74
  warnings.warn("Failed to delete temporary folder: {}"

2025-07-14 21:47:53,329:WARNING:C:\Users\user\miniconda3\envs\od_zera_do_ai\Lib\site-packages\joblib\_memmapping_reducer.py:611: UserWarning: Failed to delete temporary folder: C:\Users\user\AppData\Local\Temp\joblib_memmapping_folder_4184_5a88505df04a4214b2d2048993335aaf_a0ce84b50ce54316aa0d337162e750e3
  warnings.warn("Failed to delete temporary folder: {}"

2025-07-14 21:47:53,329:WARNING:C:\Users\user\miniconda3\envs\od_zera_do_ai\Lib\site-packages\joblib\_memmapping_reducer.py:611: UserWarning: Failed to delete temporary folder: C:\Users\user\AppData\Local\Temp\joblib_memmapping_folder_4184_ec042ad4ac574bb582ff40db248053d9_1ba31febd808466daf0b4892c1e69254
  warnings.warn("Failed to delete temporary folder: {}"

2025-07-14 21:47:53,329:WARNING:C:\Users\user\miniconda3\envs\od_zera_do_ai\Lib\site-packages\joblib\_memmapping_reducer.py:611: UserWarning: Failed to delete temporary folder: C:\Users\user\AppData\Local\Temp\joblib_memmapping_folder_4184_ec042ad4ac574bb582ff40db248053d9_451151d31c2a4fa28cadfa718866320b
  warnings.warn("Failed to delete temporary folder: {}"

2025-07-14 21:50:58,980:WARNING:
'cuml' is a soft dependency and not included in the pycaret installation. Please run: `pip install cuml` to install.
2025-07-14 21:50:58,980:WARNING:
'cuml' is a soft dependency and not included in the pycaret installation. Please run: `pip install cuml` to install.
2025-07-14 21:50:58,980:WARNING:
'cuml' is a soft dependency and not included in the pycaret installation. Please run: `pip install cuml` to install.
2025-07-14 21:50:58,980:WARNING:
'cuml' is a soft dependency and not included in the pycaret installation. Please run: `pip install cuml` to install.
2025-07-14 21:51:00,037:INFO:PyCaret ClassificationExperiment
2025-07-14 21:51:00,037:INFO:Logging name: clf-default-name
2025-07-14 21:51:00,037:INFO:ML Usecase: MLUsecase.CLASSIFICATION
2025-07-14 21:51:00,037:INFO:version 3.3.2
2025-07-14 21:51:00,037:INFO:Initializing setup()
2025-07-14 21:51:00,037:INFO:self.USI: a1b9
2025-07-14 21:51:00,037:INFO:self._variable_keys: {'X_test', 'y_train', 'seed', 'fold_groups_param', 'USI', 'memory', 'exp_id', 'y_test', 'idx', '_ml_usecase', 'gpu_n_jobs_param', 'pipeline', 'X_train', 'y', 'X', 'fold_generator', 'n_jobs_param', 'target_param', 'html_param', 'fold_shuffle_param', 'exp_name_log', 'fix_imbalance', '_available_plots', 'data', 'logging_param', 'log_plots_param', 'is_multiclass', 'gpu_param'}
2025-07-14 21:51:00,037:INFO:Checking environment
2025-07-14 21:51:00,037:INFO:python_version: 3.11.10
2025-07-14 21:51:00,037:INFO:python_build: ('main', 'Oct  3 2024 07:22:26')
2025-07-14 21:51:00,037:INFO:machine: AMD64
2025-07-14 21:51:00,037:INFO:platform: Windows-10-10.0.19045-SP0
2025-07-14 21:51:00,037:INFO:Memory: svmem(total=7866793984, available=1527611392, percent=80.6, used=6339182592, free=1527611392)
2025-07-14 21:51:00,037:INFO:Physical Core: 4
2025-07-14 21:51:00,037:INFO:Logical Core: 8
2025-07-14 21:51:00,037:INFO:Checking libraries
2025-07-14 21:51:00,037:INFO:System:
2025-07-14 21:51:00,037:INFO:    python: 3.11.10 | packaged by Anaconda, Inc. | (main, Oct  3 2024, 07:22:26) [MSC v.1929 64 bit (AMD64)]
2025-07-14 21:51:00,037:INFO:executable: C:\Users\user\miniconda3\envs\od_zera_do_ai\python.exe
2025-07-14 21:51:00,043:INFO:   machine: Windows-10-10.0.19045-SP0
2025-07-14 21:51:00,043:INFO:PyCaret required dependencies:
2025-07-14 21:51:00,170:INFO:                 pip: 24.2
2025-07-14 21:51:00,170:INFO:          setuptools: 75.1.0
2025-07-14 21:51:00,170:INFO:             pycaret: 3.3.2
2025-07-14 21:51:00,170:INFO:             IPython: 8.27.0
2025-07-14 21:51:00,170:INFO:          ipywidgets: 7.8.5
2025-07-14 21:51:00,170:INFO:                tqdm: 4.67.1
2025-07-14 21:51:00,170:INFO:               numpy: 1.26.4
2025-07-14 21:51:00,170:INFO:              pandas: 1.5.3
2025-07-14 21:51:00,170:INFO:              jinja2: 3.1.4
2025-07-14 21:51:00,170:INFO:               scipy: 1.11.4
2025-07-14 21:51:00,170:INFO:              joblib: 1.2.0
2025-07-14 21:51:00,170:INFO:             sklearn: 1.4.2
2025-07-14 21:51:00,170:INFO:                pyod: 2.0.4
2025-07-14 21:51:00,170:INFO:            imblearn: 0.13.0
2025-07-14 21:51:00,170:INFO:   category_encoders: 2.6.3
2025-07-14 21:51:00,170:INFO:            lightgbm: 4.6.0
2025-07-14 21:51:00,170:INFO:               numba: 0.61.0
2025-07-14 21:51:00,170:INFO:            requests: 2.32.3
2025-07-14 21:51:00,170:INFO:          matplotlib: 3.9.2
2025-07-14 21:51:00,170:INFO:          scikitplot: 0.3.7
2025-07-14 21:51:00,170:INFO:         yellowbrick: 1.5
2025-07-14 21:51:00,170:INFO:              plotly: 5.24.1
2025-07-14 21:51:00,170:INFO:    plotly-resampler: Not installed
2025-07-14 21:51:00,170:INFO:             kaleido: 0.2.1
2025-07-14 21:51:00,170:INFO:           schemdraw: 0.15
2025-07-14 21:51:00,170:INFO:         statsmodels: 0.14.4
2025-07-14 21:51:00,170:INFO:              sktime: 0.26.0
2025-07-14 21:51:00,170:INFO:               tbats: 1.1.3
2025-07-14 21:51:00,170:INFO:            pmdarima: 2.0.4
2025-07-14 21:51:00,170:INFO:              psutil: 5.9.0
2025-07-14 21:51:00,170:INFO:          markupsafe: 2.1.3
2025-07-14 21:51:00,170:INFO:             pickle5: Not installed
2025-07-14 21:51:00,170:INFO:         cloudpickle: 3.0.0
2025-07-14 21:51:00,170:INFO:         deprecation: 2.1.0
2025-07-14 21:51:00,170:INFO:              xxhash: 3.5.0
2025-07-14 21:51:00,170:INFO:           wurlitzer: 3.1.1
2025-07-14 21:51:00,170:INFO:PyCaret optional dependencies:
2025-07-14 21:51:00,185:INFO:                shap: Not installed
2025-07-14 21:51:00,185:INFO:           interpret: Not installed
2025-07-14 21:51:00,185:INFO:                umap: Not installed
2025-07-14 21:51:00,185:INFO:     ydata_profiling: Not installed
2025-07-14 21:51:00,185:INFO:  explainerdashboard: Not installed
2025-07-14 21:51:00,185:INFO:             autoviz: Not installed
2025-07-14 21:51:00,185:INFO:           fairlearn: Not installed
2025-07-14 21:51:00,185:INFO:          deepchecks: Not installed
2025-07-14 21:51:00,185:INFO:             xgboost: Not installed
2025-07-14 21:51:00,185:INFO:            catboost: Not installed
2025-07-14 21:51:00,185:INFO:              kmodes: Not installed
2025-07-14 21:51:00,185:INFO:             mlxtend: Not installed
2025-07-14 21:51:00,185:INFO:       statsforecast: Not installed
2025-07-14 21:51:00,185:INFO:        tune_sklearn: Not installed
2025-07-14 21:51:00,185:INFO:                 ray: Not installed
2025-07-14 21:51:00,185:INFO:            hyperopt: Not installed
2025-07-14 21:51:00,185:INFO:              optuna: Not installed
2025-07-14 21:51:00,185:INFO:               skopt: Not installed
2025-07-14 21:51:00,185:INFO:              mlflow: Not installed
2025-07-14 21:51:00,185:INFO:              gradio: Not installed
2025-07-14 21:51:00,185:INFO:             fastapi: Not installed
2025-07-14 21:51:00,185:INFO:             uvicorn: Not installed
2025-07-14 21:51:00,185:INFO:              m2cgen: Not installed
2025-07-14 21:51:00,185:INFO:           evidently: Not installed
2025-07-14 21:51:00,185:INFO:               fugue: Not installed
2025-07-14 21:51:00,185:INFO:           streamlit: 1.44.1
2025-07-14 21:51:00,185:INFO:             prophet: Not installed
2025-07-14 21:51:00,185:INFO:None
2025-07-14 21:51:00,185:INFO:Set up data.
2025-07-14 21:51:00,216:INFO:Set up folding strategy.
2025-07-14 21:51:00,216:INFO:Set up train/test split.
2025-07-14 21:51:00,235:INFO:Set up index.
2025-07-14 21:51:00,236:INFO:Assigning column types.
2025-07-14 21:51:00,243:INFO:Engine successfully changes for model 'lr' to 'sklearn'.
2025-07-14 21:51:00,344:INFO:Engine for model 'knn' has not been set explicitly, hence returning None.
2025-07-14 21:51:00,344:INFO:Engine for model 'rbfsvm' has not been set explicitly, hence returning None.
2025-07-14 21:51:00,465:WARNING:
'xgboost' is a soft dependency and not included in the pycaret installation. Please run: `pip install xgboost` to install.
Alternately, you can install this by running `pip install pycaret[models]`
2025-07-14 21:51:00,465:WARNING:
'catboost' is a soft dependency and not included in the pycaret installation. Please run: `pip install catboost` to install.
Alternately, you can install this by running `pip install pycaret[models]`
2025-07-14 21:51:00,594:INFO:Engine for model 'knn' has not been set explicitly, hence returning None.
2025-07-14 21:51:00,611:INFO:Engine for model 'rbfsvm' has not been set explicitly, hence returning None.
2025-07-14 21:51:00,692:WARNING:
'xgboost' is a soft dependency and not included in the pycaret installation. Please run: `pip install xgboost` to install.
Alternately, you can install this by running `pip install pycaret[models]`
2025-07-14 21:51:00,692:WARNING:
'catboost' is a soft dependency and not included in the pycaret installation. Please run: `pip install catboost` to install.
Alternately, you can install this by running `pip install pycaret[models]`
2025-07-14 21:51:00,692:INFO:Engine successfully changes for model 'knn' to 'sklearn'.
2025-07-14 21:51:00,809:INFO:Engine for model 'rbfsvm' has not been set explicitly, hence returning None.
2025-07-14 21:51:00,885:WARNING:
'xgboost' is a soft dependency and not included in the pycaret installation. Please run: `pip install xgboost` to install.
Alternately, you can install this by running `pip install pycaret[models]`
2025-07-14 21:51:00,885:WARNING:
'catboost' is a soft dependency and not included in the pycaret installation. Please run: `pip install catboost` to install.
Alternately, you can install this by running `pip install pycaret[models]`
2025-07-14 21:51:00,994:INFO:Engine for model 'rbfsvm' has not been set explicitly, hence returning None.
2025-07-14 21:51:01,076:WARNING:
'xgboost' is a soft dependency and not included in the pycaret installation. Please run: `pip install xgboost` to install.
Alternately, you can install this by running `pip install pycaret[models]`
2025-07-14 21:51:01,076:WARNING:
'catboost' is a soft dependency and not included in the pycaret installation. Please run: `pip install catboost` to install.
Alternately, you can install this by running `pip install pycaret[models]`
2025-07-14 21:51:01,076:INFO:Engine successfully changes for model 'rbfsvm' to 'sklearn'.
2025-07-14 21:51:01,276:WARNING:
'xgboost' is a soft dependency and not included in the pycaret installation. Please run: `pip install xgboost` to install.
Alternately, you can install this by running `pip install pycaret[models]`
2025-07-14 21:51:01,277:WARNING:
'catboost' is a soft dependency and not included in the pycaret installation. Please run: `pip install catboost` to install.
Alternately, you can install this by running `pip install pycaret[models]`
2025-07-14 21:51:01,451:WARNING:
'xgboost' is a soft dependency and not included in the pycaret installation. Please run: `pip install xgboost` to install.
Alternately, you can install this by running `pip install pycaret[models]`
2025-07-14 21:51:01,451:WARNING:
'catboost' is a soft dependency and not included in the pycaret installation. Please run: `pip install catboost` to install.
Alternately, you can install this by running `pip install pycaret[models]`
2025-07-14 21:51:01,479:INFO:Preparing preprocessing pipeline...
2025-07-14 21:51:01,479:INFO:Set up simple imputation.
2025-07-14 21:51:01,487:INFO:Set up encoding of ordinal features.
2025-07-14 21:51:01,487:INFO:Set up encoding of categorical features.
2025-07-14 21:51:01,492:INFO:Set up column name cleaning.
2025-07-14 21:51:01,793:INFO:Finished creating preprocessing pipeline.
2025-07-14 21:51:01,860:INFO:Pipeline: Pipeline(memory=FastMemory(location=C:\Users\user\AppData\Local\Temp\joblib),
         steps=[('numerical_imputer',
                 TransformerWrapper(exclude=None,
                                    include=['pclass', 'age', 'sibsp', 'parch',
                                             'fare'],
                                    transformer=SimpleImputer(add_indicator=False,
                                                              copy=True,
                                                              fill_value=None,
                                                              keep_empty_features=False,
                                                              missing_values=nan,
                                                              strategy='mean'))),
                ('categorical_imputer',
                 Transf...
                                    transformer=TargetEncoder(cols=['cabin',
                                                                    'boat',
                                                                    'body',
                                                                    'home.dest'],
                                                              drop_invariant=False,
                                                              handle_missing='return_nan',
                                                              handle_unknown='value',
                                                              hierarchy=None,
                                                              min_samples_leaf=20,
                                                              return_df=True,
                                                              smoothing=10,
                                                              verbose=0))),
                ('clean_column_names',
                 TransformerWrapper(exclude=None, include=None,
                                    transformer=CleanColumnNames(match='[\\]\\[\\,\\{\\}\\"\\:]+')))],
         verbose=False)
2025-07-14 21:51:01,860:INFO:Creating final display dataframe.
2025-07-14 21:51:02,093:INFO:Setup _display_container:                     Description             Value
0                    Session id               123
1                        Target          survived
2                   Target type            Binary
3           Original data shape        (1309, 14)
4        Transformed data shape        (1309, 14)
5   Transformed train set shape         (916, 14)
6    Transformed test set shape         (393, 14)
7               Ignore features                 2
8              Numeric features                 5
9          Categorical features                 6
10                   Preprocess              True
11              Imputation type            simple
12           Numeric imputation              mean
13       Categorical imputation              mode
14     Maximum one-hot encoding                25
15              Encoding method              None
16               Fold Generator   StratifiedKFold
17                  Fold Number                10
18                     CPU Jobs                -1
19                      Use GPU             False
20               Log Experiment             False
21              Experiment Name  clf-default-name
22                          USI              a1b9
2025-07-14 21:51:02,309:WARNING:
'xgboost' is a soft dependency and not included in the pycaret installation. Please run: `pip install xgboost` to install.
Alternately, you can install this by running `pip install pycaret[models]`
2025-07-14 21:51:02,309:WARNING:
'catboost' is a soft dependency and not included in the pycaret installation. Please run: `pip install catboost` to install.
Alternately, you can install this by running `pip install pycaret[models]`
2025-07-14 21:51:02,517:WARNING:
'xgboost' is a soft dependency and not included in the pycaret installation. Please run: `pip install xgboost` to install.
Alternately, you can install this by running `pip install pycaret[models]`
2025-07-14 21:51:02,517:WARNING:
'catboost' is a soft dependency and not included in the pycaret installation. Please run: `pip install catboost` to install.
Alternately, you can install this by running `pip install pycaret[models]`
2025-07-14 21:51:02,524:INFO:setup() successfully completed in 2.5s...............
2025-07-14 21:51:02,542:INFO:Initializing compare_models()
2025-07-14 21:51:02,542:INFO:compare_models(self=<pycaret.classification.oop.ClassificationExperiment object at 0x0000015359691290>, include=None, exclude=None, fold=None, round=4, cross_validation=True, sort=Accuracy, n_select=1, budget_time=None, turbo=True, errors=ignore, fit_kwargs=None, groups=None, experiment_custom_tags=None, probability_threshold=None, verbose=True, parallel=None, caller_params={'self': <pycaret.classification.oop.ClassificationExperiment object at 0x0000015359691290>, 'include': None, 'exclude': None, 'fold': None, 'round': 4, 'cross_validation': True, 'sort': 'Accuracy', 'n_select': 1, 'budget_time': None, 'turbo': True, 'errors': 'ignore', 'fit_kwargs': None, 'groups': None, 'experiment_custom_tags': None, 'probability_threshold': None, 'engine': None, 'verbose': True, 'parallel': None, '__class__': <class 'pycaret.classification.oop.ClassificationExperiment'>})
2025-07-14 21:51:02,542:INFO:Checking exceptions
2025-07-14 21:51:02,550:INFO:Preparing display monitor
2025-07-14 21:51:02,591:INFO:Initializing Logistic Regression
2025-07-14 21:51:02,593:INFO:Total runtime is 2.8045972188313804e-05 minutes
2025-07-14 21:51:02,593:INFO:SubProcess create_model() called ==================================
2025-07-14 21:51:02,593:INFO:Initializing create_model()
2025-07-14 21:51:02,593:INFO:create_model(self=<pycaret.classification.oop.ClassificationExperiment object at 0x0000015359691290>, estimator=lr, fold=StratifiedKFold(n_splits=10, random_state=None, shuffle=False), round=4, cross_validation=True, predict=True, fit_kwargs={}, groups=None, refit=False, probability_threshold=None, experiment_custom_tags=None, verbose=False, system=False, add_to_model_list=True, metrics=None, display=<pycaret.internal.display.display.CommonDisplay object at 0x0000015358CB9DD0>, model_only=True, return_train_score=False, error_score=0.0, kwargs={})
2025-07-14 21:51:02,593:INFO:Checking exceptions
2025-07-14 21:51:02,593:INFO:Importing libraries
2025-07-14 21:51:02,593:INFO:Copying training dataset
2025-07-14 21:51:02,608:INFO:Defining folds
2025-07-14 21:51:02,608:INFO:Declaring metric variables
2025-07-14 21:51:02,616:INFO:Importing untrained model
2025-07-14 21:51:02,626:INFO:Logistic Regression Imported successfully
2025-07-14 21:51:02,626:INFO:Starting cross validation
2025-07-14 21:51:02,642:INFO:Cross validating with StratifiedKFold(n_splits=10, random_state=None, shuffle=False), n_jobs=-1
2025-07-14 21:51:16,236:INFO:Calculating mean and std
2025-07-14 21:51:16,236:INFO:Creating metrics dataframe
2025-07-14 21:51:16,236:INFO:Uploading results into container
2025-07-14 21:51:16,236:INFO:Uploading model into container now
2025-07-14 21:51:16,236:INFO:_master_model_container: 1
2025-07-14 21:51:16,236:INFO:_display_container: 2
2025-07-14 21:51:16,236:INFO:LogisticRegression(C=1.0, class_weight=None, dual=False, fit_intercept=True,
                   intercept_scaling=1, l1_ratio=None, max_iter=1000,
                   multi_class='auto', n_jobs=None, penalty='l2',
                   random_state=123, solver='lbfgs', tol=0.0001, verbose=0,
                   warm_start=False)
2025-07-14 21:51:16,236:INFO:create_model() successfully completed......................................
2025-07-14 21:51:16,365:INFO:SubProcess create_model() end ==================================
2025-07-14 21:51:16,365:INFO:Creating metrics dataframe
2025-07-14 21:51:16,381:INFO:Initializing K Neighbors Classifier
2025-07-14 21:51:16,381:INFO:Total runtime is 0.2298271139462789 minutes
2025-07-14 21:51:16,381:INFO:SubProcess create_model() called ==================================
2025-07-14 21:51:16,396:INFO:Initializing create_model()
2025-07-14 21:51:16,396:INFO:create_model(self=<pycaret.classification.oop.ClassificationExperiment object at 0x0000015359691290>, estimator=knn, fold=StratifiedKFold(n_splits=10, random_state=None, shuffle=False), round=4, cross_validation=True, predict=True, fit_kwargs={}, groups=None, refit=False, probability_threshold=None, experiment_custom_tags=None, verbose=False, system=False, add_to_model_list=True, metrics=None, display=<pycaret.internal.display.display.CommonDisplay object at 0x0000015358CB9DD0>, model_only=True, return_train_score=False, error_score=0.0, kwargs={})
2025-07-14 21:51:16,396:INFO:Checking exceptions
2025-07-14 21:51:16,396:INFO:Importing libraries
2025-07-14 21:51:16,396:INFO:Copying training dataset
2025-07-14 21:51:16,396:INFO:Defining folds
2025-07-14 21:51:16,396:INFO:Declaring metric variables
2025-07-14 21:51:16,412:INFO:Importing untrained model
2025-07-14 21:51:16,412:INFO:K Neighbors Classifier Imported successfully
2025-07-14 21:51:16,427:INFO:Starting cross validation
2025-07-14 21:51:16,427:INFO:Cross validating with StratifiedKFold(n_splits=10, random_state=None, shuffle=False), n_jobs=-1
2025-07-14 21:51:17,276:INFO:Calculating mean and std
2025-07-14 21:51:17,276:INFO:Creating metrics dataframe
2025-07-14 21:51:17,276:INFO:Uploading results into container
2025-07-14 21:51:17,276:INFO:Uploading model into container now
2025-07-14 21:51:17,276:INFO:_master_model_container: 2
2025-07-14 21:51:17,276:INFO:_display_container: 2
2025-07-14 21:51:17,276:INFO:KNeighborsClassifier(algorithm='auto', leaf_size=30, metric='minkowski',
                     metric_params=None, n_jobs=-1, n_neighbors=5, p=2,
                     weights='uniform')
2025-07-14 21:51:17,276:INFO:create_model() successfully completed......................................
2025-07-14 21:51:17,401:INFO:SubProcess create_model() end ==================================
2025-07-14 21:51:17,401:INFO:Creating metrics dataframe
2025-07-14 21:51:17,417:INFO:Initializing Naive Bayes
2025-07-14 21:51:17,417:INFO:Total runtime is 0.24710095326105752 minutes
2025-07-14 21:51:17,433:INFO:SubProcess create_model() called ==================================
2025-07-14 21:51:17,433:INFO:Initializing create_model()
2025-07-14 21:51:17,433:INFO:create_model(self=<pycaret.classification.oop.ClassificationExperiment object at 0x0000015359691290>, estimator=nb, fold=StratifiedKFold(n_splits=10, random_state=None, shuffle=False), round=4, cross_validation=True, predict=True, fit_kwargs={}, groups=None, refit=False, probability_threshold=None, experiment_custom_tags=None, verbose=False, system=False, add_to_model_list=True, metrics=None, display=<pycaret.internal.display.display.CommonDisplay object at 0x0000015358CB9DD0>, model_only=True, return_train_score=False, error_score=0.0, kwargs={})
2025-07-14 21:51:17,433:INFO:Checking exceptions
2025-07-14 21:51:17,433:INFO:Importing libraries
2025-07-14 21:51:17,433:INFO:Copying training dataset
2025-07-14 21:51:17,448:INFO:Defining folds
2025-07-14 21:51:17,448:INFO:Declaring metric variables
2025-07-14 21:51:17,448:INFO:Importing untrained model
2025-07-14 21:51:17,467:INFO:Naive Bayes Imported successfully
2025-07-14 21:51:17,484:INFO:Starting cross validation
2025-07-14 21:51:17,484:INFO:Cross validating with StratifiedKFold(n_splits=10, random_state=None, shuffle=False), n_jobs=-1
2025-07-14 21:51:18,201:INFO:Calculating mean and std
2025-07-14 21:51:18,201:INFO:Creating metrics dataframe
2025-07-14 21:51:18,201:INFO:Uploading results into container
2025-07-14 21:51:18,201:INFO:Uploading model into container now
2025-07-14 21:51:18,201:INFO:_master_model_container: 3
2025-07-14 21:51:18,201:INFO:_display_container: 2
2025-07-14 21:51:18,201:INFO:GaussianNB(priors=None, var_smoothing=1e-09)
2025-07-14 21:51:18,201:INFO:create_model() successfully completed......................................
2025-07-14 21:51:18,358:INFO:SubProcess create_model() end ==================================
2025-07-14 21:51:18,358:INFO:Creating metrics dataframe
2025-07-14 21:51:18,373:INFO:Initializing Decision Tree Classifier
2025-07-14 21:51:18,373:INFO:Total runtime is 0.26303915182749427 minutes
2025-07-14 21:51:18,373:INFO:SubProcess create_model() called ==================================
2025-07-14 21:51:18,373:INFO:Initializing create_model()
2025-07-14 21:51:18,373:INFO:create_model(self=<pycaret.classification.oop.ClassificationExperiment object at 0x0000015359691290>, estimator=dt, fold=StratifiedKFold(n_splits=10, random_state=None, shuffle=False), round=4, cross_validation=True, predict=True, fit_kwargs={}, groups=None, refit=False, probability_threshold=None, experiment_custom_tags=None, verbose=False, system=False, add_to_model_list=True, metrics=None, display=<pycaret.internal.display.display.CommonDisplay object at 0x0000015358CB9DD0>, model_only=True, return_train_score=False, error_score=0.0, kwargs={})
2025-07-14 21:51:18,373:INFO:Checking exceptions
2025-07-14 21:51:18,373:INFO:Importing libraries
2025-07-14 21:51:18,373:INFO:Copying training dataset
2025-07-14 21:51:18,389:INFO:Defining folds
2025-07-14 21:51:18,389:INFO:Declaring metric variables
2025-07-14 21:51:18,389:INFO:Importing untrained model
2025-07-14 21:51:18,389:INFO:Decision Tree Classifier Imported successfully
2025-07-14 21:51:18,405:INFO:Starting cross validation
2025-07-14 21:51:18,420:INFO:Cross validating with StratifiedKFold(n_splits=10, random_state=None, shuffle=False), n_jobs=-1
2025-07-14 21:51:19,160:INFO:Calculating mean and std
2025-07-14 21:51:19,160:INFO:Creating metrics dataframe
2025-07-14 21:51:19,160:INFO:Uploading results into container
2025-07-14 21:51:19,168:INFO:Uploading model into container now
2025-07-14 21:51:19,168:INFO:_master_model_container: 4
2025-07-14 21:51:19,168:INFO:_display_container: 2
2025-07-14 21:51:19,168:INFO:DecisionTreeClassifier(ccp_alpha=0.0, class_weight=None, criterion='gini',
                       max_depth=None, max_features=None, max_leaf_nodes=None,
                       min_impurity_decrease=0.0, min_samples_leaf=1,
                       min_samples_split=2, min_weight_fraction_leaf=0.0,
                       monotonic_cst=None, random_state=123, splitter='best')
2025-07-14 21:51:19,168:INFO:create_model() successfully completed......................................
2025-07-14 21:51:19,293:INFO:SubProcess create_model() end ==================================
2025-07-14 21:51:19,293:INFO:Creating metrics dataframe
2025-07-14 21:51:19,309:INFO:Initializing SVM - Linear Kernel
2025-07-14 21:51:19,310:INFO:Total runtime is 0.27864972352981565 minutes
2025-07-14 21:51:19,310:INFO:SubProcess create_model() called ==================================
2025-07-14 21:51:19,310:INFO:Initializing create_model()
2025-07-14 21:51:19,310:INFO:create_model(self=<pycaret.classification.oop.ClassificationExperiment object at 0x0000015359691290>, estimator=svm, fold=StratifiedKFold(n_splits=10, random_state=None, shuffle=False), round=4, cross_validation=True, predict=True, fit_kwargs={}, groups=None, refit=False, probability_threshold=None, experiment_custom_tags=None, verbose=False, system=False, add_to_model_list=True, metrics=None, display=<pycaret.internal.display.display.CommonDisplay object at 0x0000015358CB9DD0>, model_only=True, return_train_score=False, error_score=0.0, kwargs={})
2025-07-14 21:51:19,310:INFO:Checking exceptions
2025-07-14 21:51:19,310:INFO:Importing libraries
2025-07-14 21:51:19,310:INFO:Copying training dataset
2025-07-14 21:51:19,326:INFO:Defining folds
2025-07-14 21:51:19,326:INFO:Declaring metric variables
2025-07-14 21:51:19,334:INFO:Importing untrained model
2025-07-14 21:51:19,344:INFO:SVM - Linear Kernel Imported successfully
2025-07-14 21:51:19,344:INFO:Starting cross validation
2025-07-14 21:51:19,359:INFO:Cross validating with StratifiedKFold(n_splits=10, random_state=None, shuffle=False), n_jobs=-1
2025-07-14 21:51:20,133:INFO:Calculating mean and std
2025-07-14 21:51:20,133:INFO:Creating metrics dataframe
2025-07-14 21:51:20,142:INFO:Uploading results into container
2025-07-14 21:51:20,142:INFO:Uploading model into container now
2025-07-14 21:51:20,142:INFO:_master_model_container: 5
2025-07-14 21:51:20,142:INFO:_display_container: 2
2025-07-14 21:51:20,142:INFO:SGDClassifier(alpha=0.0001, average=False, class_weight=None,
              early_stopping=False, epsilon=0.1, eta0=0.001, fit_intercept=True,
              l1_ratio=0.15, learning_rate='optimal', loss='hinge',
              max_iter=1000, n_iter_no_change=5, n_jobs=-1, penalty='l2',
              power_t=0.5, random_state=123, shuffle=True, tol=0.001,
              validation_fraction=0.1, verbose=0, warm_start=False)
2025-07-14 21:51:20,142:INFO:create_model() successfully completed......................................
2025-07-14 21:51:20,276:INFO:SubProcess create_model() end ==================================
2025-07-14 21:51:20,276:INFO:Creating metrics dataframe
2025-07-14 21:51:20,292:INFO:Initializing Ridge Classifier
2025-07-14 21:51:20,292:INFO:Total runtime is 0.29501328070958455 minutes
2025-07-14 21:51:20,292:INFO:SubProcess create_model() called ==================================
2025-07-14 21:51:20,292:INFO:Initializing create_model()
2025-07-14 21:51:20,292:INFO:create_model(self=<pycaret.classification.oop.ClassificationExperiment object at 0x0000015359691290>, estimator=ridge, fold=StratifiedKFold(n_splits=10, random_state=None, shuffle=False), round=4, cross_validation=True, predict=True, fit_kwargs={}, groups=None, refit=False, probability_threshold=None, experiment_custom_tags=None, verbose=False, system=False, add_to_model_list=True, metrics=None, display=<pycaret.internal.display.display.CommonDisplay object at 0x0000015358CB9DD0>, model_only=True, return_train_score=False, error_score=0.0, kwargs={})
2025-07-14 21:51:20,292:INFO:Checking exceptions
2025-07-14 21:51:20,292:INFO:Importing libraries
2025-07-14 21:51:20,300:INFO:Copying training dataset
2025-07-14 21:51:20,308:INFO:Defining folds
2025-07-14 21:51:20,308:INFO:Declaring metric variables
2025-07-14 21:51:20,309:INFO:Importing untrained model
2025-07-14 21:51:20,325:INFO:Ridge Classifier Imported successfully
2025-07-14 21:51:20,344:INFO:Starting cross validation
2025-07-14 21:51:20,344:INFO:Cross validating with StratifiedKFold(n_splits=10, random_state=None, shuffle=False), n_jobs=-1
2025-07-14 21:51:21,292:INFO:Calculating mean and std
2025-07-14 21:51:21,308:INFO:Creating metrics dataframe
2025-07-14 21:51:21,308:INFO:Uploading results into container
2025-07-14 21:51:21,308:INFO:Uploading model into container now
2025-07-14 21:51:21,308:INFO:_master_model_container: 6
2025-07-14 21:51:21,308:INFO:_display_container: 2
2025-07-14 21:51:21,308:INFO:RidgeClassifier(alpha=1.0, class_weight=None, copy_X=True, fit_intercept=True,
                max_iter=None, positive=False, random_state=123, solver='auto',
                tol=0.0001)
2025-07-14 21:51:21,308:INFO:create_model() successfully completed......................................
2025-07-14 21:51:21,449:INFO:SubProcess create_model() end ==================================
2025-07-14 21:51:21,449:INFO:Creating metrics dataframe
2025-07-14 21:51:21,457:INFO:Initializing Random Forest Classifier
2025-07-14 21:51:21,457:INFO:Total runtime is 0.3144270618756612 minutes
2025-07-14 21:51:21,474:INFO:SubProcess create_model() called ==================================
2025-07-14 21:51:21,474:INFO:Initializing create_model()
2025-07-14 21:51:21,474:INFO:create_model(self=<pycaret.classification.oop.ClassificationExperiment object at 0x0000015359691290>, estimator=rf, fold=StratifiedKFold(n_splits=10, random_state=None, shuffle=False), round=4, cross_validation=True, predict=True, fit_kwargs={}, groups=None, refit=False, probability_threshold=None, experiment_custom_tags=None, verbose=False, system=False, add_to_model_list=True, metrics=None, display=<pycaret.internal.display.display.CommonDisplay object at 0x0000015358CB9DD0>, model_only=True, return_train_score=False, error_score=0.0, kwargs={})
2025-07-14 21:51:21,474:INFO:Checking exceptions
2025-07-14 21:51:21,474:INFO:Importing libraries
2025-07-14 21:51:21,474:INFO:Copying training dataset
2025-07-14 21:51:21,482:INFO:Defining folds
2025-07-14 21:51:21,482:INFO:Declaring metric variables
2025-07-14 21:51:21,492:INFO:Importing untrained model
2025-07-14 21:51:21,492:INFO:Random Forest Classifier Imported successfully
2025-07-14 21:51:21,507:INFO:Starting cross validation
2025-07-14 21:51:21,515:INFO:Cross validating with StratifiedKFold(n_splits=10, random_state=None, shuffle=False), n_jobs=-1
2025-07-14 21:51:23,457:INFO:Calculating mean and std
2025-07-14 21:51:23,457:INFO:Creating metrics dataframe
2025-07-14 21:51:23,471:INFO:Uploading results into container
2025-07-14 21:51:23,472:INFO:Uploading model into container now
2025-07-14 21:51:23,472:INFO:_master_model_container: 7
2025-07-14 21:51:23,472:INFO:_display_container: 2
2025-07-14 21:51:23,472:INFO:RandomForestClassifier(bootstrap=True, ccp_alpha=0.0, class_weight=None,
                       criterion='gini', max_depth=None, max_features='sqrt',
                       max_leaf_nodes=None, max_samples=None,
                       min_impurity_decrease=0.0, min_samples_leaf=1,
                       min_samples_split=2, min_weight_fraction_leaf=0.0,
                       monotonic_cst=None, n_estimators=100, n_jobs=-1,
                       oob_score=False, random_state=123, verbose=0,
                       warm_start=False)
2025-07-14 21:51:23,472:INFO:create_model() successfully completed......................................
2025-07-14 21:51:23,623:INFO:SubProcess create_model() end ==================================
2025-07-14 21:51:23,624:INFO:Creating metrics dataframe
2025-07-14 21:51:23,641:INFO:Initializing Quadratic Discriminant Analysis
2025-07-14 21:51:23,641:INFO:Total runtime is 0.3508336067199707 minutes
2025-07-14 21:51:23,641:INFO:SubProcess create_model() called ==================================
2025-07-14 21:51:23,641:INFO:Initializing create_model()
2025-07-14 21:51:23,641:INFO:create_model(self=<pycaret.classification.oop.ClassificationExperiment object at 0x0000015359691290>, estimator=qda, fold=StratifiedKFold(n_splits=10, random_state=None, shuffle=False), round=4, cross_validation=True, predict=True, fit_kwargs={}, groups=None, refit=False, probability_threshold=None, experiment_custom_tags=None, verbose=False, system=False, add_to_model_list=True, metrics=None, display=<pycaret.internal.display.display.CommonDisplay object at 0x0000015358CB9DD0>, model_only=True, return_train_score=False, error_score=0.0, kwargs={})
2025-07-14 21:51:23,641:INFO:Checking exceptions
2025-07-14 21:51:23,641:INFO:Importing libraries
2025-07-14 21:51:23,641:INFO:Copying training dataset
2025-07-14 21:51:23,657:INFO:Defining folds
2025-07-14 21:51:23,657:INFO:Declaring metric variables
2025-07-14 21:51:23,665:INFO:Importing untrained model
2025-07-14 21:51:23,671:INFO:Quadratic Discriminant Analysis Imported successfully
2025-07-14 21:51:23,679:INFO:Starting cross validation
2025-07-14 21:51:23,689:INFO:Cross validating with StratifiedKFold(n_splits=10, random_state=None, shuffle=False), n_jobs=-1
2025-07-14 21:51:24,555:WARNING:C:\Users\user\miniconda3\envs\od_zera_do_ai\Lib\site-packages\sklearn\discriminant_analysis.py:935: UserWarning: Variables are collinear
  warnings.warn("Variables are collinear")

2025-07-14 21:51:24,555:WARNING:C:\Users\user\miniconda3\envs\od_zera_do_ai\Lib\site-packages\sklearn\discriminant_analysis.py:935: UserWarning: Variables are collinear
  warnings.warn("Variables are collinear")

2025-07-14 21:51:24,555:WARNING:C:\Users\user\miniconda3\envs\od_zera_do_ai\Lib\site-packages\sklearn\discriminant_analysis.py:935: UserWarning: Variables are collinear
  warnings.warn("Variables are collinear")

2025-07-14 21:51:24,571:WARNING:C:\Users\user\miniconda3\envs\od_zera_do_ai\Lib\site-packages\sklearn\discriminant_analysis.py:935: UserWarning: Variables are collinear
  warnings.warn("Variables are collinear")

2025-07-14 21:51:24,571:WARNING:C:\Users\user\miniconda3\envs\od_zera_do_ai\Lib\site-packages\sklearn\discriminant_analysis.py:935: UserWarning: Variables are collinear
  warnings.warn("Variables are collinear")

2025-07-14 21:51:24,595:WARNING:C:\Users\user\miniconda3\envs\od_zera_do_ai\Lib\site-packages\sklearn\discriminant_analysis.py:935: UserWarning: Variables are collinear
  warnings.warn("Variables are collinear")

2025-07-14 21:51:24,605:WARNING:C:\Users\user\miniconda3\envs\od_zera_do_ai\Lib\site-packages\sklearn\discriminant_analysis.py:935: UserWarning: Variables are collinear
  warnings.warn("Variables are collinear")

2025-07-14 21:51:24,637:WARNING:C:\Users\user\miniconda3\envs\od_zera_do_ai\Lib\site-packages\sklearn\discriminant_analysis.py:935: UserWarning: Variables are collinear
  warnings.warn("Variables are collinear")

2025-07-14 21:51:24,655:WARNING:C:\Users\user\miniconda3\envs\od_zera_do_ai\Lib\site-packages\sklearn\discriminant_analysis.py:960: RuntimeWarning: divide by zero encountered in power
  X2 = np.dot(Xm, R * (S ** (-0.5)))

2025-07-14 21:51:24,655:WARNING:C:\Users\user\miniconda3\envs\od_zera_do_ai\Lib\site-packages\sklearn\discriminant_analysis.py:960: RuntimeWarning: invalid value encountered in multiply
  X2 = np.dot(Xm, R * (S ** (-0.5)))

2025-07-14 21:51:24,655:WARNING:C:\Users\user\miniconda3\envs\od_zera_do_ai\Lib\site-packages\sklearn\discriminant_analysis.py:963: RuntimeWarning: divide by zero encountered in log
  u = np.asarray([np.sum(np.log(s)) for s in self.scalings_])

2025-07-14 21:51:24,655:WARNING:C:\Users\user\miniconda3\envs\od_zera_do_ai\Lib\site-packages\sklearn\discriminant_analysis.py:960: RuntimeWarning: divide by zero encountered in power
  X2 = np.dot(Xm, R * (S ** (-0.5)))

2025-07-14 21:51:24,655:WARNING:C:\Users\user\miniconda3\envs\od_zera_do_ai\Lib\site-packages\sklearn\discriminant_analysis.py:960: RuntimeWarning: invalid value encountered in multiply
  X2 = np.dot(Xm, R * (S ** (-0.5)))

2025-07-14 21:51:24,655:WARNING:C:\Users\user\miniconda3\envs\od_zera_do_ai\Lib\site-packages\sklearn\discriminant_analysis.py:963: RuntimeWarning: divide by zero encountered in log
  u = np.asarray([np.sum(np.log(s)) for s in self.scalings_])

2025-07-14 21:51:24,689:WARNING:C:\Users\user\miniconda3\envs\od_zera_do_ai\Lib\site-packages\sklearn\discriminant_analysis.py:960: RuntimeWarning: divide by zero encountered in power
  X2 = np.dot(Xm, R * (S ** (-0.5)))

2025-07-14 21:51:24,689:WARNING:C:\Users\user\miniconda3\envs\od_zera_do_ai\Lib\site-packages\sklearn\discriminant_analysis.py:960: RuntimeWarning: invalid value encountered in multiply
  X2 = np.dot(Xm, R * (S ** (-0.5)))

2025-07-14 21:51:24,689:WARNING:C:\Users\user\miniconda3\envs\od_zera_do_ai\Lib\site-packages\sklearn\discriminant_analysis.py:960: RuntimeWarning: divide by zero encountered in power
  X2 = np.dot(Xm, R * (S ** (-0.5)))

2025-07-14 21:51:24,689:WARNING:C:\Users\user\miniconda3\envs\od_zera_do_ai\Lib\site-packages\sklearn\discriminant_analysis.py:963: RuntimeWarning: divide by zero encountered in log
  u = np.asarray([np.sum(np.log(s)) for s in self.scalings_])

2025-07-14 21:51:24,689:WARNING:C:\Users\user\miniconda3\envs\od_zera_do_ai\Lib\site-packages\sklearn\discriminant_analysis.py:963: RuntimeWarning: divide by zero encountered in log
  u = np.asarray([np.sum(np.log(s)) for s in self.scalings_])

2025-07-14 21:51:24,689:WARNING:C:\Users\user\miniconda3\envs\od_zera_do_ai\Lib\site-packages\sklearn\discriminant_analysis.py:960: RuntimeWarning: divide by zero encountered in power
  X2 = np.dot(Xm, R * (S ** (-0.5)))

2025-07-14 21:51:24,689:WARNING:C:\Users\user\miniconda3\envs\od_zera_do_ai\Lib\site-packages\sklearn\discriminant_analysis.py:960: RuntimeWarning: divide by zero encountered in power
  X2 = np.dot(Xm, R * (S ** (-0.5)))

2025-07-14 21:51:24,689:WARNING:C:\Users\user\miniconda3\envs\od_zera_do_ai\Lib\site-packages\sklearn\discriminant_analysis.py:960: RuntimeWarning: invalid value encountered in multiply
  X2 = np.dot(Xm, R * (S ** (-0.5)))

2025-07-14 21:51:24,689:WARNING:C:\Users\user\miniconda3\envs\od_zera_do_ai\Lib\site-packages\sklearn\discriminant_analysis.py:960: RuntimeWarning: invalid value encountered in multiply
  X2 = np.dot(Xm, R * (S ** (-0.5)))

2025-07-14 21:51:24,689:WARNING:C:\Users\user\miniconda3\envs\od_zera_do_ai\Lib\site-packages\sklearn\discriminant_analysis.py:960: RuntimeWarning: divide by zero encountered in power
  X2 = np.dot(Xm, R * (S ** (-0.5)))

in self.scalings_])

2025-07-14 21:51:24,689:WARNING:C:\Users\user\miniconda3\envs\od_zera_do_ai\Lib\site-packages\sklearn\discriminant_analysis.py:963: RuntimeWarning: divide by zero encountered in log
  u = np.asarray([np.sum(np.log(s)) for s in self.scalings_])

2025-07-14 21:51:24,689:WARNING:C:\Users\user\miniconda3\envs\od_zera_do_ai\Lib\site-packages\sklearn\discriminant_analysis.py:960: RuntimeWarning: invalid value encountered in multiply
  X2 = np.dot(Xm, R * (S ** (-0.5)))

2025-07-14 21:51:24,689:WARNING:C:\Users\user\miniconda3\envs\od_zera_do_ai\Lib\site-packages\sklearn\discriminant_analysis.py:963: RuntimeWarning: divide by zero encountered in log
  u = np.asarray([np.sum(np.log(s)) for s in self.scalings_])

2025-07-14 21:51:24,689:WARNING:C:\Users\user\miniconda3\envs\od_zera_do_ai\Lib\site-packages\sklearn\discriminant_analysis.py:960: RuntimeWarning: divide by zero encountered in power
  X2 = np.dot(Xm, R * (S ** (-0.5)))

2025-07-14 21:51:24,689:WARNING:C:\Users\user\miniconda3\envs\od_zera_do_ai\Lib\site-packages\sklearn\discriminant_analysis.py:960: RuntimeWarning: invalid value encountered in multiply
  X2 = np.dot(Xm, R * (S ** (-0.5)))

2025-07-14 21:51:24,689:WARNING:C:\Users\user\miniconda3\envs\od_zera_do_ai\Lib\site-packages\sklearn\discriminant_analysis.py:963: RuntimeWarning: divide by zero encountered in log
  u = np.asarray([np.sum(np.log(s)) for s in self.scalings_])

2025-07-14 21:51:24,689:WARNING:C:\Users\user\miniconda3\envs\od_zera_do_ai\Lib\site-packages\sklearn\discriminant_analysis.py:960: RuntimeWarning: divide by zero encountered in power
  X2 = np.dot(Xm, R * (S ** (-0.5)))

2025-07-14 21:51:24,689:WARNING:C:\Users\user\miniconda3\envs\od_zera_do_ai\Lib\site-packages\sklearn\discriminant_analysis.py:960: RuntimeWarning: invalid value encountered in multiply
  X2 = np.dot(Xm, R * (S ** (-0.5)))

2025-07-14 21:51:24,703:WARNING:C:\Users\user\miniconda3\envs\od_zera_do_ai\Lib\site-packages\sklearn\discriminant_analysis.py:963: RuntimeWarning: divide by zero encountered in log
  u = np.asarray([np.sum(np.log(s)) for s in self.scalings_])

2025-07-14 21:51:24,705:WARNING:C:\Users\user\miniconda3\envs\od_zera_do_ai\Lib\site-packages\sklearn\discriminant_analysis.py:960: RuntimeWarning: divide by zero encountered in power
  X2 = np.dot(Xm, R * (S ** (-0.5)))

2025-07-14 21:51:24,705:WARNING:C:\Users\user\miniconda3\envs\od_zera_do_ai\Lib\site-packages\sklearn\discriminant_analysis.py:960: RuntimeWarning: invalid value encountered in multiply
  X2 = np.dot(Xm, R * (S ** (-0.5)))

2025-07-14 21:51:24,705:WARNING:C:\Users\user\miniconda3\envs\od_zera_do_ai\Lib\site-packages\sklearn\discriminant_analysis.py:963: RuntimeWarning: divide by zero encountered in log
  u = np.asarray([np.sum(np.log(s)) for s in self.scalings_])

2025-07-14 21:51:24,722:WARNING:C:\Users\user\miniconda3\envs\od_zera_do_ai\Lib\site-packages\sklearn\discriminant_analysis.py:960: RuntimeWarning: divide by zero encountered in power
  X2 = np.dot(Xm, R * (S ** (-0.5)))

2025-07-14 21:51:24,722:WARNING:C:\Users\user\miniconda3\envs\od_zera_do_ai\Lib\site-packages\sklearn\discriminant_analysis.py:960: RuntimeWarning: invalid value encountered in multiply
  X2 = np.dot(Xm, R * (S ** (-0.5)))

2025-07-14 21:51:24,722:WARNING:C:\Users\user\miniconda3\envs\od_zera_do_ai\Lib\site-packages\sklearn\discriminant_analysis.py:963: RuntimeWarning: divide by zero encountered in log
  u = np.asarray([np.sum(np.log(s)) for s in self.scalings_])

2025-07-14 21:51:24,722:WARNING:C:\Users\user\miniconda3\envs\od_zera_do_ai\Lib\site-packages\sklearn\discriminant_analysis.py:960: RuntimeWarning: divide by zero encountered in power
  X2 = np.dot(Xm, R * (S ** (-0.5)))

2025-07-14 21:51:24,722:WARNING:C:\Users\user\miniconda3\envs\od_zera_do_ai\Lib\site-packages\sklearn\discriminant_analysis.py:960: RuntimeWarning: invalid value encountered in multiply
  X2 = np.dot(Xm, R * (S ** (-0.5)))

2025-07-14 21:51:24,722:WARNING:C:\Users\user\miniconda3\envs\od_zera_do_ai\Lib\site-packages\sklearn\discriminant_analysis.py:960: RuntimeWarning: divide by zero encountered in power
  X2 = np.dot(Xm, R * (S ** (-0.5)))

2025-07-14 21:51:24,722:WARNING:C:\Users\user\miniconda3\envs\od_zera_do_ai\Lib\site-packages\sklearn\discriminant_analysis.py:963: RuntimeWarning: divide by zero encountered in log
  u = np.asarray([np.sum(np.log(s)) for s in self.scalings_])

2025-07-14 21:51:24,722:WARNING:C:\Users\user\miniconda3\envs\od_zera_do_ai\Lib\site-packages\sklearn\discriminant_analysis.py:960: RuntimeWarning: invalid value encountered in multiply
  X2 = np.dot(Xm, R * (S ** (-0.5)))

2025-07-14 21:51:24,722:WARNING:C:\Users\user\miniconda3\envs\od_zera_do_ai\Lib\site-packages\sklearn\discriminant_analysis.py:963: RuntimeWarning: divide by zero encountered in log
  u = np.asarray([np.sum(np.log(s)) for s in self.scalings_])

2025-07-14 21:51:24,722:WARNING:C:\Users\user\miniconda3\envs\od_zera_do_ai\Lib\site-packages\sklearn\discriminant_analysis.py:960: RuntimeWarning: divide by zero encountered in power
  X2 = np.dot(Xm, R * (S ** (-0.5)))

2025-07-14 21:51:24,722:WARNING:C:\Users\user\miniconda3\envs\od_zera_do_ai\Lib\site-packages\sklearn\discriminant_analysis.py:960: RuntimeWarning: invalid value encountered in multiply
  X2 = np.dot(Xm, R * (S ** (-0.5)))

2025-07-14 21:51:24,722:WARNING:C:\Users\user\miniconda3\envs\od_zera_do_ai\Lib\site-packages\sklearn\discriminant_analysis.py:963: RuntimeWarning: divide by zero encountered in log
  u = np.asarray([np.sum(np.log(s)) for s in self.scalings_])

2025-07-14 21:51:24,788:WARNING:C:\Users\user\miniconda3\envs\od_zera_do_ai\Lib\site-packages\pycaret\internal\metrics.py:204: FitFailedWarning: Metric 'make_scorer(roc_auc_score, response_method=('decision_function', 'predict_proba'), average=weighted, multi_class=ovr)' failed and error score 0.0 has been returned instead. If this is a custom metric, this usually means that the error is in the metric code. Full exception below:
Traceback (most recent call last):
  File "C:\Users\user\miniconda3\envs\od_zera_do_ai\Lib\site-packages\pycaret\internal\metrics.py", line 196, in _score
    return super()._score(
           ^^^^^^^^^^^^^^^
  File "C:\Users\user\miniconda3\envs\od_zera_do_ai\Lib\site-packages\sklearn\metrics\_scorer.py", line 350, in _score
    return self._sign * self._score_func(y_true, y_pred, **scoring_kwargs)
                        ^^^^^^^^^^^^^^^^^^^^^^^^^^^^^^^^^^^^^^^^^^^^^^^^^^
  File "C:\Users\user\miniconda3\envs\od_zera_do_ai\Lib\site-packages\pycaret\internal\metrics.py", line 144, in __call__
    return self.score_func(y_true, y_pred, **kwargs)
           ^^^^^^^^^^^^^^^^^^^^^^^^^^^^^^^^^^^^^^^^^
  File "C:\Users\user\miniconda3\envs\od_zera_do_ai\Lib\site-packages\sklearn\utils\_param_validation.py", line 213, in wrapper
    return func(*args, **kwargs)
           ^^^^^^^^^^^^^^^^^^^^^
  File "C:\Users\user\miniconda3\envs\od_zera_do_ai\Lib\site-packages\sklearn\metrics\_ranking.py", line 619, in roc_auc_score
    y_score = check_array(y_score, ensure_2d=False)
              ^^^^^^^^^^^^^^^^^^^^^^^^^^^^^^^^^^^^^
  File "C:\Users\user\miniconda3\envs\od_zera_do_ai\Lib\site-packages\sklearn\utils\validation.py", line 1049, in check_array
    _assert_all_finite(
  File "C:\Users\user\miniconda3\envs\od_zera_do_ai\Lib\site-packages\sklearn\utils\validation.py", line 126, in _assert_all_finite
    _assert_all_finite_element_wise(
  File "C:\Users\user\miniconda3\envs\od_zera_do_ai\Lib\site-packages\sklearn\utils\validation.py", line 175, in _assert_all_finite_element_wise
    raise ValueError(msg_err)
ValueError: Input contains NaN.

  warnings.warn(

2025-07-14 21:51:24,788:WARNING:C:\Users\user\miniconda3\envs\od_zera_do_ai\Lib\site-packages\pycaret\internal\metrics.py:204: FitFailedWarning: Metric 'make_scorer(roc_auc_score, response_method=('decision_function', 'predict_proba'), average=weighted, multi_class=ovr)' failed and error score 0.0 has been returned instead. If this is a custom metric, this usually means that the error is in the metric code. Full exception below:
Traceback (most recent call last):
  File "C:\Users\user\miniconda3\envs\od_zera_do_ai\Lib\site-packages\pycaret\internal\metrics.py", line 196, in _score
    return super()._score(
           ^^^^^^^^^^^^^^^
  File "C:\Users\user\miniconda3\envs\od_zera_do_ai\Lib\site-packages\sklearn\metrics\_scorer.py", line 350, in _score
    return self._sign * self._score_func(y_true, y_pred, **scoring_kwargs)
                        ^^^^^^^^^^^^^^^^^^^^^^^^^^^^^^^^^^^^^^^^^^^^^^^^^^
  File "C:\Users\user\miniconda3\envs\od_zera_do_ai\Lib\site-packages\pycaret\internal\metrics.py", line 144, in __call__
    return self.score_func(y_true, y_pred, **kwargs)
           ^^^^^^^^^^^^^^^^^^^^^^^^^^^^^^^^^^^^^^^^^
  File "C:\Users\user\miniconda3\envs\od_zera_do_ai\Lib\site-packages\sklearn\utils\_param_validation.py", line 213, in wrapper
    return func(*args, **kwargs)
           ^^^^^^^^^^^^^^^^^^^^^
  File "C:\Users\user\miniconda3\envs\od_zera_do_ai\Lib\site-packages\sklearn\metrics\_ranking.py", line 619, in roc_auc_score
    y_score = check_array(y_score, ensure_2d=False)
              ^^^^^^^^^^^^^^^^^^^^^^^^^^^^^^^^^^^^^
  File "C:\Users\user\miniconda3\envs\od_zera_do_ai\Lib\site-packages\sklearn\utils\validation.py", line 1049, in check_array
    _assert_all_finite(
  File "C:\Users\user\miniconda3\envs\od_zera_do_ai\Lib\site-packages\sklearn\utils\validation.py", line 126, in _assert_all_finite
    _assert_all_finite_element_wise(
  File "C:\Users\user\miniconda3\envs\od_zera_do_ai\Lib\site-packages\sklearn\utils\validation.py", line 175, in _assert_all_finite_element_wise
    raise ValueError(msg_err)
ValueError: Input contains NaN.

  warnings.warn(

2025-07-14 21:51:24,788:WARNING:C:\Users\user\miniconda3\envs\od_zera_do_ai\Lib\site-packages\pycaret\internal\metrics.py:204: FitFailedWarning: Metric 'make_scorer(roc_auc_score, response_method=('decision_function', 'predict_proba'), average=weighted, multi_class=ovr)' failed and error score 0.0 has been returned instead. If this is a custom metric, this usually means that the error is in the metric code. Full exception below:
Traceback (most recent call last):
  File "C:\Users\user\miniconda3\envs\od_zera_do_ai\Lib\site-packages\pycaret\internal\metrics.py", line 196, in _score
    return super()._score(
           ^^^^^^^^^^^^^^^
  File "C:\Users\user\miniconda3\envs\od_zera_do_ai\Lib\site-packages\sklearn\metrics\_scorer.py", line 350, in _score
    return self._sign * self._score_func(y_true, y_pred, **scoring_kwargs)
                        ^^^^^^^^^^^^^^^^^^^^^^^^^^^^^^^^^^^^^^^^^^^^^^^^^^
  File "C:\Users\user\miniconda3\envs\od_zera_do_ai\Lib\site-packages\pycaret\internal\metrics.py", line 144, in __call__
    return self.score_func(y_true, y_pred, **kwargs)
           ^^^^^^^^^^^^^^^^^^^^^^^^^^^^^^^^^^^^^^^^^
  File "C:\Users\user\miniconda3\envs\od_zera_do_ai\Lib\site-packages\sklearn\utils\_param_validation.py", line 213, in wrapper
    return func(*args, **kwargs)
           ^^^^^^^^^^^^^^^^^^^^^
  File "C:\Users\user\miniconda3\envs\od_zera_do_ai\Lib\site-packages\sklearn\metrics\_ranking.py", line 619, in roc_auc_score
    y_score = check_array(y_score, ensure_2d=False)
              ^^^^^^^^^^^^^^^^^^^^^^^^^^^^^^^^^^^^^
  File "C:\Users\user\miniconda3\envs\od_zera_do_ai\Lib\site-packages\sklearn\utils\validation.py", line 1049, in check_array
    _assert_all_finite(
  File "C:\Users\user\miniconda3\envs\od_zera_do_ai\Lib\site-packages\sklearn\utils\validation.py", line 126, in _assert_all_finite
    _assert_all_finite_element_wise(
  File "C:\Users\user\miniconda3\envs\od_zera_do_ai\Lib\site-packages\sklearn\utils\validation.py", line 175, in _assert_all_finite_element_wise
    raise ValueError(msg_err)
ValueError: Input contains NaN.

  warnings.warn(

2025-07-14 21:51:24,788:WARNING:C:\Users\user\miniconda3\envs\od_zera_do_ai\Lib\site-packages\pycaret\internal\metrics.py:204: FitFailedWarning: Metric 'make_scorer(roc_auc_score, response_method=('decision_function', 'predict_proba'), average=weighted, multi_class=ovr)' failed and error score 0.0 has been returned instead. If this is a custom metric, this usually means that the error is in the metric code. Full exception below:
Traceback (most recent call last):
  File "C:\Users\user\miniconda3\envs\od_zera_do_ai\Lib\site-packages\pycaret\internal\metrics.py", line 196, in _score
    return super()._score(
           ^^^^^^^^^^^^^^^
  File "C:\Users\user\miniconda3\envs\od_zera_do_ai\Lib\site-packages\sklearn\metrics\_scorer.py", line 350, in _score
    return self._sign * self._score_func(y_true, y_pred, **scoring_kwargs)
                        ^^^^^^^^^^^^^^^^^^^^^^^^^^^^^^^^^^^^^^^^^^^^^^^^^^
  File "C:\Users\user\miniconda3\envs\od_zera_do_ai\Lib\site-packages\pycaret\internal\metrics.py", line 144, in __call__
    return self.score_func(y_true, y_pred, **kwargs)
           ^^^^^^^^^^^^^^^^^^^^^^^^^^^^^^^^^^^^^^^^^
  File "C:\Users\user\miniconda3\envs\od_zera_do_ai\Lib\site-packages\sklearn\utils\_param_validation.py", line 213, in wrapper
    return func(*args, **kwargs)
           ^^^^^^^^^^^^^^^^^^^^^
  File "C:\Users\user\miniconda3\envs\od_zera_do_ai\Lib\site-packages\sklearn\metrics\_ranking.py", line 619, in roc_auc_score
    y_score = check_array(y_score, ensure_2d=False)
              ^^^^^^^^^^^^^^^^^^^^^^^^^^^^^^^^^^^^^
  File "C:\Users\user\miniconda3\envs\od_zera_do_ai\Lib\site-packages\sklearn\utils\validation.py", line 1049, in check_array
    _assert_all_finite(
  File "C:\Users\user\miniconda3\envs\od_zera_do_ai\Lib\site-packages\sklearn\utils\validation.py", line 126, in _assert_all_finite
    _assert_all_finite_element_wise(
  File "C:\Users\user\miniconda3\envs\od_zera_do_ai\Lib\site-packages\sklearn\utils\validation.py", line 175, in _assert_all_finite_element_wise
    raise ValueError(msg_err)
ValueError: Input contains NaN.

  warnings.warn(

2025-07-14 21:51:24,911:WARNING:C:\Users\user\miniconda3\envs\od_zera_do_ai\Lib\site-packages\sklearn\discriminant_analysis.py:935: UserWarning: Variables are collinear
  warnings.warn("Variables are collinear")

2025-07-14 21:51:25,004:WARNING:C:\Users\user\miniconda3\envs\od_zera_do_ai\Lib\site-packages\sklearn\discriminant_analysis.py:960: RuntimeWarning: divide by zero encountered in power
  X2 = np.dot(Xm, R * (S ** (-0.5)))

2025-07-14 21:51:25,004:WARNING:C:\Users\user\miniconda3\envs\od_zera_do_ai\Lib\site-packages\sklearn\discriminant_analysis.py:960: RuntimeWarning: invalid value encountered in multiply
  X2 = np.dot(Xm, R * (S ** (-0.5)))

2025-07-14 21:51:25,004:WARNING:C:\Users\user\miniconda3\envs\od_zera_do_ai\Lib\site-packages\sklearn\discriminant_analysis.py:963: RuntimeWarning: divide by zero encountered in log
  u = np.asarray([np.sum(np.log(s)) for s in self.scalings_])

2025-07-14 21:51:25,012:WARNING:C:\Users\user\miniconda3\envs\od_zera_do_ai\Lib\site-packages\sklearn\discriminant_analysis.py:960: RuntimeWarning: divide by zero encountered in power
  X2 = np.dot(Xm, R * (S ** (-0.5)))

2025-07-14 21:51:25,012:WARNING:C:\Users\user\miniconda3\envs\od_zera_do_ai\Lib\site-packages\sklearn\discriminant_analysis.py:960: RuntimeWarning: invalid value encountered in multiply
  X2 = np.dot(Xm, R * (S ** (-0.5)))

2025-07-14 21:51:25,012:WARNING:C:\Users\user\miniconda3\envs\od_zera_do_ai\Lib\site-packages\sklearn\discriminant_analysis.py:963: RuntimeWarning: divide by zero encountered in log
  u = np.asarray([np.sum(np.log(s)) for s in self.scalings_])

2025-07-14 21:51:25,021:WARNING:C:\Users\user\miniconda3\envs\od_zera_do_ai\Lib\site-packages\pycaret\internal\metrics.py:204: FitFailedWarning: Metric 'make_scorer(roc_auc_score, response_method=('decision_function', 'predict_proba'), average=weighted, multi_class=ovr)' failed and error score 0.0 has been returned instead. If this is a custom metric, this usually means that the error is in the metric code. Full exception below:
Traceback (most recent call last):
  File "C:\Users\user\miniconda3\envs\od_zera_do_ai\Lib\site-packages\pycaret\internal\metrics.py", line 196, in _score
    return super()._score(
           ^^^^^^^^^^^^^^^
  File "C:\Users\user\miniconda3\envs\od_zera_do_ai\Lib\site-packages\sklearn\metrics\_scorer.py", line 350, in _score
    return self._sign * self._score_func(y_true, y_pred, **scoring_kwargs)
                        ^^^^^^^^^^^^^^^^^^^^^^^^^^^^^^^^^^^^^^^^^^^^^^^^^^
  File "C:\Users\user\miniconda3\envs\od_zera_do_ai\Lib\site-packages\pycaret\internal\metrics.py", line 144, in __call__
    return self.score_func(y_true, y_pred, **kwargs)
           ^^^^^^^^^^^^^^^^^^^^^^^^^^^^^^^^^^^^^^^^^
  File "C:\Users\user\miniconda3\envs\od_zera_do_ai\Lib\site-packages\sklearn\utils\_param_validation.py", line 213, in wrapper
    return func(*args, **kwargs)
           ^^^^^^^^^^^^^^^^^^^^^
  File "C:\Users\user\miniconda3\envs\od_zera_do_ai\Lib\site-packages\sklearn\metrics\_ranking.py", line 619, in roc_auc_score
    y_score = check_array(y_score, ensure_2d=False)
              ^^^^^^^^^^^^^^^^^^^^^^^^^^^^^^^^^^^^^
  File "C:\Users\user\miniconda3\envs\od_zera_do_ai\Lib\site-packages\sklearn\utils\validation.py", line 1049, in check_array
    _assert_all_finite(
  File "C:\Users\user\miniconda3\envs\od_zera_do_ai\Lib\site-packages\sklearn\utils\validation.py", line 126, in _assert_all_finite
    _assert_all_finite_element_wise(
  File "C:\Users\user\miniconda3\envs\od_zera_do_ai\Lib\site-packages\sklearn\utils\validation.py", line 175, in _assert_all_finite_element_wise
    raise ValueError(msg_err)
ValueError: Input contains NaN.

  warnings.warn(

2025-07-14 21:51:25,021:WARNING:C:\Users\user\miniconda3\envs\od_zera_do_ai\Lib\site-packages\sklearn\discriminant_analysis.py:935: UserWarning: Variables are collinear
  warnings.warn("Variables are collinear")

2025-07-14 21:51:25,088:WARNING:C:\Users\user\miniconda3\envs\od_zera_do_ai\Lib\site-packages\sklearn\discriminant_analysis.py:960: RuntimeWarning: divide by zero encountered in power
  X2 = np.dot(Xm, R * (S ** (-0.5)))

2025-07-14 21:51:25,088:WARNING:C:\Users\user\miniconda3\envs\od_zera_do_ai\Lib\site-packages\sklearn\discriminant_analysis.py:960: RuntimeWarning: invalid value encountered in multiply
  X2 = np.dot(Xm, R * (S ** (-0.5)))

2025-07-14 21:51:25,088:WARNING:C:\Users\user\miniconda3\envs\od_zera_do_ai\Lib\site-packages\sklearn\discriminant_analysis.py:963: RuntimeWarning: divide by zero encountered in log
  u = np.asarray([np.sum(np.log(s)) for s in self.scalings_])

2025-07-14 21:51:25,088:WARNING:C:\Users\user\miniconda3\envs\od_zera_do_ai\Lib\site-packages\sklearn\discriminant_analysis.py:960: RuntimeWarning: divide by zero encountered in power
  X2 = np.dot(Xm, R * (S ** (-0.5)))

2025-07-14 21:51:25,088:WARNING:C:\Users\user\miniconda3\envs\od_zera_do_ai\Lib\site-packages\sklearn\discriminant_analysis.py:960: RuntimeWarning: invalid value encountered in multiply
  X2 = np.dot(Xm, R * (S ** (-0.5)))

2025-07-14 21:51:25,088:WARNING:C:\Users\user\miniconda3\envs\od_zera_do_ai\Lib\site-packages\sklearn\discriminant_analysis.py:963: RuntimeWarning: divide by zero encountered in log
  u = np.asarray([np.sum(np.log(s)) for s in self.scalings_])

2025-07-14 21:51:25,088:WARNING:C:\Users\user\miniconda3\envs\od_zera_do_ai\Lib\site-packages\pycaret\internal\metrics.py:204: FitFailedWarning: Metric 'make_scorer(roc_auc_score, response_method=('decision_function', 'predict_proba'), average=weighted, multi_class=ovr)' failed and error score 0.0 has been returned instead. If this is a custom metric, this usually means that the error is in the metric code. Full exception below:
Traceback (most recent call last):
  File "C:\Users\user\miniconda3\envs\od_zera_do_ai\Lib\site-packages\pycaret\internal\metrics.py", line 196, in _score
    return super()._score(
           ^^^^^^^^^^^^^^^
  File "C:\Users\user\miniconda3\envs\od_zera_do_ai\Lib\site-packages\sklearn\metrics\_scorer.py", line 350, in _score
    return self._sign * self._score_func(y_true, y_pred, **scoring_kwargs)
                        ^^^^^^^^^^^^^^^^^^^^^^^^^^^^^^^^^^^^^^^^^^^^^^^^^^
  File "C:\Users\user\miniconda3\envs\od_zera_do_ai\Lib\site-packages\pycaret\internal\metrics.py", line 144, in __call__
    return self.score_func(y_true, y_pred, **kwargs)
           ^^^^^^^^^^^^^^^^^^^^^^^^^^^^^^^^^^^^^^^^^
  File "C:\Users\user\miniconda3\envs\od_zera_do_ai\Lib\site-packages\sklearn\utils\_param_validation.py", line 213, in wrapper
    return func(*args, **kwargs)
           ^^^^^^^^^^^^^^^^^^^^^
  File "C:\Users\user\miniconda3\envs\od_zera_do_ai\Lib\site-packages\sklearn\metrics\_ranking.py", line 619, in roc_auc_score
    y_score = check_array(y_score, ensure_2d=False)
              ^^^^^^^^^^^^^^^^^^^^^^^^^^^^^^^^^^^^^
  File "C:\Users\user\miniconda3\envs\od_zera_do_ai\Lib\site-packages\sklearn\utils\validation.py", line 1049, in check_array
    _assert_all_finite(
  File "C:\Users\user\miniconda3\envs\od_zera_do_ai\Lib\site-packages\sklearn\utils\validation.py", line 126, in _assert_all_finite
    _assert_all_finite_element_wise(
  File "C:\Users\user\miniconda3\envs\od_zera_do_ai\Lib\site-packages\sklearn\utils\validation.py", line 175, in _assert_all_finite_element_wise
    raise ValueError(msg_err)
ValueError: Input contains NaN.

  warnings.warn(

2025-07-14 21:51:25,112:INFO:Calculating mean and std
2025-07-14 21:51:25,120:INFO:Creating metrics dataframe
2025-07-14 21:51:25,121:INFO:Uploading results into container
2025-07-14 21:51:25,121:INFO:Uploading model into container now
2025-07-14 21:51:25,121:INFO:_master_model_container: 8
2025-07-14 21:51:25,121:INFO:_display_container: 2
2025-07-14 21:51:25,121:INFO:QuadraticDiscriminantAnalysis(priors=None, reg_param=0.0,
                              store_covariance=False, tol=0.0001)
2025-07-14 21:51:25,121:INFO:create_model() successfully completed......................................
2025-07-14 21:51:25,246:INFO:SubProcess create_model() end ==================================
2025-07-14 21:51:25,246:INFO:Creating metrics dataframe
2025-07-14 21:51:25,255:INFO:Initializing Ada Boost Classifier
2025-07-14 21:51:25,255:INFO:Total runtime is 0.37772566874821983 minutes
2025-07-14 21:51:25,270:INFO:SubProcess create_model() called ==================================
2025-07-14 21:51:25,270:INFO:Initializing create_model()
2025-07-14 21:51:25,270:INFO:create_model(self=<pycaret.classification.oop.ClassificationExperiment object at 0x0000015359691290>, estimator=ada, fold=StratifiedKFold(n_splits=10, random_state=None, shuffle=False), round=4, cross_validation=True, predict=True, fit_kwargs={}, groups=None, refit=False, probability_threshold=None, experiment_custom_tags=None, verbose=False, system=False, add_to_model_list=True, metrics=None, display=<pycaret.internal.display.display.CommonDisplay object at 0x0000015358CB9DD0>, model_only=True, return_train_score=False, error_score=0.0, kwargs={})
2025-07-14 21:51:25,270:INFO:Checking exceptions
2025-07-14 21:51:25,270:INFO:Importing libraries
2025-07-14 21:51:25,270:INFO:Copying training dataset
2025-07-14 21:51:25,278:INFO:Defining folds
2025-07-14 21:51:25,278:INFO:Declaring metric variables
2025-07-14 21:51:25,288:INFO:Importing untrained model
2025-07-14 21:51:25,288:INFO:Ada Boost Classifier Imported successfully
2025-07-14 21:51:25,310:INFO:Starting cross validation
2025-07-14 21:51:25,310:INFO:Cross validating with StratifiedKFold(n_splits=10, random_state=None, shuffle=False), n_jobs=-1
2025-07-14 21:51:25,637:WARNING:C:\Users\user\miniconda3\envs\od_zera_do_ai\Lib\site-packages\sklearn\ensemble\_weight_boosting.py:519: FutureWarning: The SAMME.R algorithm (the default) is deprecated and will be removed in 1.6. Use the SAMME algorithm to circumvent this warning.
  warnings.warn(

2025-07-14 21:51:25,637:WARNING:C:\Users\user\miniconda3\envs\od_zera_do_ai\Lib\site-packages\sklearn\ensemble\_weight_boosting.py:519: FutureWarning: The SAMME.R algorithm (the default) is deprecated and will be removed in 1.6. Use the SAMME algorithm to circumvent this warning.
  warnings.warn(

2025-07-14 21:51:25,662:WARNING:C:\Users\user\miniconda3\envs\od_zera_do_ai\Lib\site-packages\sklearn\ensemble\_weight_boosting.py:519: FutureWarning: The SAMME.R algorithm (the default) is deprecated and will be removed in 1.6. Use the SAMME algorithm to circumvent this warning.
  warnings.warn(

2025-07-14 21:51:25,671:WARNING:C:\Users\user\miniconda3\envs\od_zera_do_ai\Lib\site-packages\sklearn\ensemble\_weight_boosting.py:519: FutureWarning: The SAMME.R algorithm (the default) is deprecated and will be removed in 1.6. Use the SAMME algorithm to circumvent this warning.
  warnings.warn(

2025-07-14 21:51:25,695:WARNING:C:\Users\user\miniconda3\envs\od_zera_do_ai\Lib\site-packages\sklearn\ensemble\_weight_boosting.py:519: FutureWarning: The SAMME.R algorithm (the default) is deprecated and will be removed in 1.6. Use the SAMME algorithm to circumvent this warning.
  warnings.warn(

2025-07-14 21:51:25,695:WARNING:C:\Users\user\miniconda3\envs\od_zera_do_ai\Lib\site-packages\sklearn\ensemble\_weight_boosting.py:519: FutureWarning: The SAMME.R algorithm (the default) is deprecated and will be removed in 1.6. Use the SAMME algorithm to circumvent this warning.
  warnings.warn(

2025-07-14 21:51:25,704:WARNING:C:\Users\user\miniconda3\envs\od_zera_do_ai\Lib\site-packages\sklearn\ensemble\_weight_boosting.py:519: FutureWarning: The SAMME.R algorithm (the default) is deprecated and will be removed in 1.6. Use the SAMME algorithm to circumvent this warning.
  warnings.warn(

2025-07-14 21:51:25,704:WARNING:C:\Users\user\miniconda3\envs\od_zera_do_ai\Lib\site-packages\sklearn\ensemble\_weight_boosting.py:519: FutureWarning: The SAMME.R algorithm (the default) is deprecated and will be removed in 1.6. Use the SAMME algorithm to circumvent this warning.
  warnings.warn(

2025-07-14 21:51:26,477:WARNING:C:\Users\user\miniconda3\envs\od_zera_do_ai\Lib\site-packages\sklearn\ensemble\_weight_boosting.py:519: FutureWarning: The SAMME.R algorithm (the default) is deprecated and will be removed in 1.6. Use the SAMME algorithm to circumvent this warning.
  warnings.warn(

2025-07-14 21:51:26,487:WARNING:C:\Users\user\miniconda3\envs\od_zera_do_ai\Lib\site-packages\sklearn\ensemble\_weight_boosting.py:519: FutureWarning: The SAMME.R algorithm (the default) is deprecated and will be removed in 1.6. Use the SAMME algorithm to circumvent this warning.
  warnings.warn(

2025-07-14 21:51:26,820:INFO:Calculating mean and std
2025-07-14 21:51:26,820:INFO:Creating metrics dataframe
2025-07-14 21:51:26,820:INFO:Uploading results into container
2025-07-14 21:51:26,820:INFO:Uploading model into container now
2025-07-14 21:51:26,820:INFO:_master_model_container: 9
2025-07-14 21:51:26,820:INFO:_display_container: 2
2025-07-14 21:51:26,820:INFO:AdaBoostClassifier(algorithm='SAMME.R', estimator=None, learning_rate=1.0,
                   n_estimators=50, random_state=123)
2025-07-14 21:51:26,820:INFO:create_model() successfully completed......................................
2025-07-14 21:51:26,969:INFO:SubProcess create_model() end ==================================
2025-07-14 21:51:26,969:INFO:Creating metrics dataframe
2025-07-14 21:51:26,986:INFO:Initializing Gradient Boosting Classifier
2025-07-14 21:51:26,986:INFO:Total runtime is 0.4065881729125977 minutes
2025-07-14 21:51:27,001:INFO:SubProcess create_model() called ==================================
2025-07-14 21:51:27,002:INFO:Initializing create_model()
2025-07-14 21:51:27,002:INFO:create_model(self=<pycaret.classification.oop.ClassificationExperiment object at 0x0000015359691290>, estimator=gbc, fold=StratifiedKFold(n_splits=10, random_state=None, shuffle=False), round=4, cross_validation=True, predict=True, fit_kwargs={}, groups=None, refit=False, probability_threshold=None, experiment_custom_tags=None, verbose=False, system=False, add_to_model_list=True, metrics=None, display=<pycaret.internal.display.display.CommonDisplay object at 0x0000015358CB9DD0>, model_only=True, return_train_score=False, error_score=0.0, kwargs={})
2025-07-14 21:51:27,002:INFO:Checking exceptions
2025-07-14 21:51:27,002:INFO:Importing libraries
2025-07-14 21:51:27,002:INFO:Copying training dataset
2025-07-14 21:51:27,010:INFO:Defining folds
2025-07-14 21:51:27,010:INFO:Declaring metric variables
2025-07-14 21:51:27,019:INFO:Importing untrained model
2025-07-14 21:51:27,019:INFO:Gradient Boosting Classifier Imported successfully
2025-07-14 21:51:27,044:INFO:Starting cross validation
2025-07-14 21:51:27,044:INFO:Cross validating with StratifiedKFold(n_splits=10, random_state=None, shuffle=False), n_jobs=-1
2025-07-14 21:51:28,685:INFO:Calculating mean and std
2025-07-14 21:51:28,685:INFO:Creating metrics dataframe
2025-07-14 21:51:28,685:INFO:Uploading results into container
2025-07-14 21:51:28,685:INFO:Uploading model into container now
2025-07-14 21:51:28,685:INFO:_master_model_container: 10
2025-07-14 21:51:28,685:INFO:_display_container: 2
2025-07-14 21:51:28,685:INFO:GradientBoostingClassifier(ccp_alpha=0.0, criterion='friedman_mse', init=None,
                           learning_rate=0.1, loss='log_loss', max_depth=3,
                           max_features=None, max_leaf_nodes=None,
                           min_impurity_decrease=0.0, min_samples_leaf=1,
                           min_samples_split=2, min_weight_fraction_leaf=0.0,
                           n_estimators=100, n_iter_no_change=None,
                           random_state=123, subsample=1.0, tol=0.0001,
                           validation_fraction=0.1, verbose=0,
                           warm_start=False)
2025-07-14 21:51:28,685:INFO:create_model() successfully completed......................................
2025-07-14 21:51:28,835:INFO:SubProcess create_model() end ==================================
2025-07-14 21:51:28,835:INFO:Creating metrics dataframe
2025-07-14 21:51:28,850:INFO:Initializing Linear Discriminant Analysis
2025-07-14 21:51:28,850:INFO:Total runtime is 0.4376567920049032 minutes
2025-07-14 21:51:28,858:INFO:SubProcess create_model() called ==================================
2025-07-14 21:51:28,858:INFO:Initializing create_model()
2025-07-14 21:51:28,858:INFO:create_model(self=<pycaret.classification.oop.ClassificationExperiment object at 0x0000015359691290>, estimator=lda, fold=StratifiedKFold(n_splits=10, random_state=None, shuffle=False), round=4, cross_validation=True, predict=True, fit_kwargs={}, groups=None, refit=False, probability_threshold=None, experiment_custom_tags=None, verbose=False, system=False, add_to_model_list=True, metrics=None, display=<pycaret.internal.display.display.CommonDisplay object at 0x0000015358CB9DD0>, model_only=True, return_train_score=False, error_score=0.0, kwargs={})
2025-07-14 21:51:28,858:INFO:Checking exceptions
2025-07-14 21:51:28,858:INFO:Importing libraries
2025-07-14 21:51:28,858:INFO:Copying training dataset
2025-07-14 21:51:28,868:INFO:Defining folds
2025-07-14 21:51:28,868:INFO:Declaring metric variables
2025-07-14 21:51:28,884:INFO:Importing untrained model
2025-07-14 21:51:28,892:INFO:Linear Discriminant Analysis Imported successfully
2025-07-14 21:51:28,901:INFO:Starting cross validation
2025-07-14 21:51:28,901:INFO:Cross validating with StratifiedKFold(n_splits=10, random_state=None, shuffle=False), n_jobs=-1
2025-07-14 21:51:29,717:INFO:Calculating mean and std
2025-07-14 21:51:29,717:INFO:Creating metrics dataframe
2025-07-14 21:51:29,717:INFO:Uploading results into container
2025-07-14 21:51:29,717:INFO:Uploading model into container now
2025-07-14 21:51:29,725:INFO:_master_model_container: 11
2025-07-14 21:51:29,725:INFO:_display_container: 2
2025-07-14 21:51:29,725:INFO:LinearDiscriminantAnalysis(covariance_estimator=None, n_components=None,
                           priors=None, shrinkage=None, solver='svd',
                           store_covariance=False, tol=0.0001)
2025-07-14 21:51:29,725:INFO:create_model() successfully completed......................................
2025-07-14 21:51:29,858:INFO:SubProcess create_model() end ==================================
2025-07-14 21:51:29,858:INFO:Creating metrics dataframe
2025-07-14 21:51:29,883:INFO:Initializing Extra Trees Classifier
2025-07-14 21:51:29,883:INFO:Total runtime is 0.4548650145530701 minutes
2025-07-14 21:51:29,891:INFO:SubProcess create_model() called ==================================
2025-07-14 21:51:29,891:INFO:Initializing create_model()
2025-07-14 21:51:29,891:INFO:create_model(self=<pycaret.classification.oop.ClassificationExperiment object at 0x0000015359691290>, estimator=et, fold=StratifiedKFold(n_splits=10, random_state=None, shuffle=False), round=4, cross_validation=True, predict=True, fit_kwargs={}, groups=None, refit=False, probability_threshold=None, experiment_custom_tags=None, verbose=False, system=False, add_to_model_list=True, metrics=None, display=<pycaret.internal.display.display.CommonDisplay object at 0x0000015358CB9DD0>, model_only=True, return_train_score=False, error_score=0.0, kwargs={})
2025-07-14 21:51:29,891:INFO:Checking exceptions
2025-07-14 21:51:29,891:INFO:Importing libraries
2025-07-14 21:51:29,891:INFO:Copying training dataset
2025-07-14 21:51:29,900:INFO:Defining folds
2025-07-14 21:51:29,900:INFO:Declaring metric variables
2025-07-14 21:51:29,900:INFO:Importing untrained model
2025-07-14 21:51:29,916:INFO:Extra Trees Classifier Imported successfully
2025-07-14 21:51:29,924:INFO:Starting cross validation
2025-07-14 21:51:29,932:INFO:Cross validating with StratifiedKFold(n_splits=10, random_state=None, shuffle=False), n_jobs=-1
2025-07-14 21:51:31,772:INFO:Calculating mean and std
2025-07-14 21:51:31,772:INFO:Creating metrics dataframe
2025-07-14 21:51:31,781:INFO:Uploading results into container
2025-07-14 21:51:31,781:INFO:Uploading model into container now
2025-07-14 21:51:31,781:INFO:_master_model_container: 12
2025-07-14 21:51:31,781:INFO:_display_container: 2
2025-07-14 21:51:31,781:INFO:ExtraTreesClassifier(bootstrap=False, ccp_alpha=0.0, class_weight=None,
                     criterion='gini', max_depth=None, max_features='sqrt',
                     max_leaf_nodes=None, max_samples=None,
                     min_impurity_decrease=0.0, min_samples_leaf=1,
                     min_samples_split=2, min_weight_fraction_leaf=0.0,
                     monotonic_cst=None, n_estimators=100, n_jobs=-1,
                     oob_score=False, random_state=123, verbose=0,
                     warm_start=False)
2025-07-14 21:51:31,781:INFO:create_model() successfully completed......................................
2025-07-14 21:51:31,956:INFO:SubProcess create_model() end ==================================
2025-07-14 21:51:31,956:INFO:Creating metrics dataframe
2025-07-14 21:51:31,982:INFO:Initializing Light Gradient Boosting Machine
2025-07-14 21:51:31,982:INFO:Total runtime is 0.4898459116617839 minutes
2025-07-14 21:51:31,982:INFO:SubProcess create_model() called ==================================
2025-07-14 21:51:31,982:INFO:Initializing create_model()
2025-07-14 21:51:31,982:INFO:create_model(self=<pycaret.classification.oop.ClassificationExperiment object at 0x0000015359691290>, estimator=lightgbm, fold=StratifiedKFold(n_splits=10, random_state=None, shuffle=False), round=4, cross_validation=True, predict=True, fit_kwargs={}, groups=None, refit=False, probability_threshold=None, experiment_custom_tags=None, verbose=False, system=False, add_to_model_list=True, metrics=None, display=<pycaret.internal.display.display.CommonDisplay object at 0x0000015358CB9DD0>, model_only=True, return_train_score=False, error_score=0.0, kwargs={})
2025-07-14 21:51:31,982:INFO:Checking exceptions
2025-07-14 21:51:31,982:INFO:Importing libraries
2025-07-14 21:51:31,982:INFO:Copying training dataset
2025-07-14 21:51:31,998:INFO:Defining folds
2025-07-14 21:51:31,998:INFO:Declaring metric variables
2025-07-14 21:51:31,998:INFO:Importing untrained model
2025-07-14 21:51:32,018:INFO:Light Gradient Boosting Machine Imported successfully
2025-07-14 21:51:32,034:INFO:Starting cross validation
2025-07-14 21:51:32,034:INFO:Cross validating with StratifiedKFold(n_splits=10, random_state=None, shuffle=False), n_jobs=-1
2025-07-14 21:51:35,111:INFO:Calculating mean and std
2025-07-14 21:51:35,111:INFO:Creating metrics dataframe
2025-07-14 21:51:35,111:INFO:Uploading results into container
2025-07-14 21:51:35,119:INFO:Uploading model into container now
2025-07-14 21:51:35,119:INFO:_master_model_container: 13
2025-07-14 21:51:35,119:INFO:_display_container: 2
2025-07-14 21:51:35,119:INFO:LGBMClassifier(boosting_type='gbdt', class_weight=None, colsample_bytree=1.0,
               importance_type='split', learning_rate=0.1, max_depth=-1,
               min_child_samples=20, min_child_weight=0.001, min_split_gain=0.0,
               n_estimators=100, n_jobs=-1, num_leaves=31, objective=None,
               random_state=123, reg_alpha=0.0, reg_lambda=0.0, subsample=1.0,
               subsample_for_bin=200000, subsample_freq=0)
2025-07-14 21:51:35,119:INFO:create_model() successfully completed......................................
2025-07-14 21:51:35,262:INFO:SubProcess create_model() end ==================================
2025-07-14 21:51:35,262:INFO:Creating metrics dataframe
2025-07-14 21:51:35,294:INFO:Initializing Dummy Classifier
2025-07-14 21:51:35,295:INFO:Total runtime is 0.5450718402862549 minutes
2025-07-14 21:51:35,295:INFO:SubProcess create_model() called ==================================
2025-07-14 21:51:35,295:INFO:Initializing create_model()
2025-07-14 21:51:35,295:INFO:create_model(self=<pycaret.classification.oop.ClassificationExperiment object at 0x0000015359691290>, estimator=dummy, fold=StratifiedKFold(n_splits=10, random_state=None, shuffle=False), round=4, cross_validation=True, predict=True, fit_kwargs={}, groups=None, refit=False, probability_threshold=None, experiment_custom_tags=None, verbose=False, system=False, add_to_model_list=True, metrics=None, display=<pycaret.internal.display.display.CommonDisplay object at 0x0000015358CB9DD0>, model_only=True, return_train_score=False, error_score=0.0, kwargs={})
2025-07-14 21:51:35,295:INFO:Checking exceptions
2025-07-14 21:51:35,295:INFO:Importing libraries
2025-07-14 21:51:35,295:INFO:Copying training dataset
2025-07-14 21:51:35,311:INFO:Defining folds
2025-07-14 21:51:35,311:INFO:Declaring metric variables
2025-07-14 21:51:35,319:INFO:Importing untrained model
2025-07-14 21:51:35,329:INFO:Dummy Classifier Imported successfully
2025-07-14 21:51:35,329:INFO:Starting cross validation
2025-07-14 21:51:35,344:INFO:Cross validating with StratifiedKFold(n_splits=10, random_state=None, shuffle=False), n_jobs=-1
2025-07-14 21:51:35,761:WARNING:C:\Users\user\miniconda3\envs\od_zera_do_ai\Lib\site-packages\sklearn\metrics\_classification.py:1509: UndefinedMetricWarning: Precision is ill-defined and being set to 0.0 due to no predicted samples. Use `zero_division` parameter to control this behavior.
  _warn_prf(average, modifier, f"{metric.capitalize()} is", len(result))

2025-07-14 21:51:35,778:WARNING:C:\Users\user\miniconda3\envs\od_zera_do_ai\Lib\site-packages\sklearn\metrics\_classification.py:1509: UndefinedMetricWarning: Precision is ill-defined and being set to 0.0 due to no predicted samples. Use `zero_division` parameter to control this behavior.
  _warn_prf(average, modifier, f"{metric.capitalize()} is", len(result))

2025-07-14 21:51:35,794:WARNING:C:\Users\user\miniconda3\envs\od_zera_do_ai\Lib\site-packages\sklearn\metrics\_classification.py:1509: UndefinedMetricWarning: Precision is ill-defined and being set to 0.0 due to no predicted samples. Use `zero_division` parameter to control this behavior.
  _warn_prf(average, modifier, f"{metric.capitalize()} is", len(result))

2025-07-14 21:51:35,802:WARNING:C:\Users\user\miniconda3\envs\od_zera_do_ai\Lib\site-packages\sklearn\metrics\_classification.py:1509: UndefinedMetricWarning: Precision is ill-defined and being set to 0.0 due to no predicted samples. Use `zero_division` parameter to control this behavior.
  _warn_prf(average, modifier, f"{metric.capitalize()} is", len(result))

2025-07-14 21:51:35,835:WARNING:C:\Users\user\miniconda3\envs\od_zera_do_ai\Lib\site-packages\sklearn\metrics\_classification.py:1509: UndefinedMetricWarning: Precision is ill-defined and being set to 0.0 due to no predicted samples. Use `zero_division` parameter to control this behavior.
  _warn_prf(average, modifier, f"{metric.capitalize()} is", len(result))

2025-07-14 21:51:35,843:WARNING:C:\Users\user\miniconda3\envs\od_zera_do_ai\Lib\site-packages\sklearn\metrics\_classification.py:1509: UndefinedMetricWarning: Precision is ill-defined and being set to 0.0 due to no predicted samples. Use `zero_division` parameter to control this behavior.
  _warn_prf(average, modifier, f"{metric.capitalize()} is", len(result))

2025-07-14 21:51:35,869:WARNING:C:\Users\user\miniconda3\envs\od_zera_do_ai\Lib\site-packages\sklearn\metrics\_classification.py:1509: UndefinedMetricWarning: Precision is ill-defined and being set to 0.0 due to no predicted samples. Use `zero_division` parameter to control this behavior.
  _warn_prf(average, modifier, f"{metric.capitalize()} is", len(result))

2025-07-14 21:51:35,878:WARNING:C:\Users\user\miniconda3\envs\od_zera_do_ai\Lib\site-packages\sklearn\metrics\_classification.py:1509: UndefinedMetricWarning: Precision is ill-defined and being set to 0.0 due to no predicted samples. Use `zero_division` parameter to control this behavior.
  _warn_prf(average, modifier, f"{metric.capitalize()} is", len(result))

2025-07-14 21:51:36,044:WARNING:C:\Users\user\miniconda3\envs\od_zera_do_ai\Lib\site-packages\sklearn\metrics\_classification.py:1509: UndefinedMetricWarning: Precision is ill-defined and being set to 0.0 due to no predicted samples. Use `zero_division` parameter to control this behavior.
  _warn_prf(average, modifier, f"{metric.capitalize()} is", len(result))

2025-07-14 21:51:36,044:WARNING:C:\Users\user\miniconda3\envs\od_zera_do_ai\Lib\site-packages\sklearn\metrics\_classification.py:1509: UndefinedMetricWarning: Precision is ill-defined and being set to 0.0 due to no predicted samples. Use `zero_division` parameter to control this behavior.
  _warn_prf(average, modifier, f"{metric.capitalize()} is", len(result))

2025-07-14 21:51:36,068:INFO:Calculating mean and std
2025-07-14 21:51:36,068:INFO:Creating metrics dataframe
2025-07-14 21:51:36,076:INFO:Uploading results into container
2025-07-14 21:51:36,076:INFO:Uploading model into container now
2025-07-14 21:51:36,076:INFO:_master_model_container: 14
2025-07-14 21:51:36,076:INFO:_display_container: 2
2025-07-14 21:51:36,076:INFO:DummyClassifier(constant=None, random_state=123, strategy='prior')
2025-07-14 21:51:36,076:INFO:create_model() successfully completed......................................
2025-07-14 21:51:36,211:INFO:SubProcess create_model() end ==================================
2025-07-14 21:51:36,211:INFO:Creating metrics dataframe
2025-07-14 21:51:36,261:WARNING:C:\Users\user\miniconda3\envs\od_zera_do_ai\Lib\site-packages\pycaret\internal\pycaret_experiment\supervised_experiment.py:339: FutureWarning: Styler.applymap has been deprecated. Use Styler.map instead.
  .applymap(highlight_cols, subset=["TT (Sec)"])

2025-07-14 21:51:36,277:INFO:Initializing create_model()
2025-07-14 21:51:36,277:INFO:create_model(self=<pycaret.classification.oop.ClassificationExperiment object at 0x0000015359691290>, estimator=RidgeClassifier(alpha=1.0, class_weight=None, copy_X=True, fit_intercept=True,
                max_iter=None, positive=False, random_state=123, solver='auto',
                tol=0.0001), fold=StratifiedKFold(n_splits=10, random_state=None, shuffle=False), round=4, cross_validation=False, predict=False, fit_kwargs={}, groups=None, refit=True, probability_threshold=None, experiment_custom_tags=None, verbose=False, system=False, add_to_model_list=True, metrics=None, display=None, model_only=True, return_train_score=False, error_score=0.0, kwargs={})
2025-07-14 21:51:36,277:INFO:Checking exceptions
2025-07-14 21:51:36,277:INFO:Importing libraries
2025-07-14 21:51:36,277:INFO:Copying training dataset
2025-07-14 21:51:36,293:INFO:Defining folds
2025-07-14 21:51:36,293:INFO:Declaring metric variables
2025-07-14 21:51:36,293:INFO:Importing untrained model
2025-07-14 21:51:36,293:INFO:Declaring custom model
2025-07-14 21:51:36,293:INFO:Ridge Classifier Imported successfully
2025-07-14 21:51:36,302:INFO:Cross validation set to False
2025-07-14 21:51:36,302:INFO:Fitting Model
2025-07-14 21:51:36,509:INFO:RidgeClassifier(alpha=1.0, class_weight=None, copy_X=True, fit_intercept=True,
                max_iter=None, positive=False, random_state=123, solver='auto',
                tol=0.0001)
2025-07-14 21:51:36,509:INFO:create_model() successfully completed......................................
2025-07-14 21:51:36,742:INFO:_master_model_container: 14
2025-07-14 21:51:36,742:INFO:_display_container: 2
2025-07-14 21:51:36,746:INFO:RidgeClassifier(alpha=1.0, class_weight=None, copy_X=True, fit_intercept=True,
                max_iter=None, positive=False, random_state=123, solver='auto',
                tol=0.0001)
2025-07-14 21:51:36,746:INFO:compare_models() successfully completed......................................
2025-07-14 21:51:36,748:INFO:Initializing plot_model()
2025-07-14 21:51:36,748:INFO:plot_model(self=<pycaret.classification.oop.ClassificationExperiment object at 0x0000015359691290>, estimator=RidgeClassifier(alpha=1.0, class_weight=None, copy_X=True, fit_intercept=True,
                max_iter=None, positive=False, random_state=123, solver='auto',
                tol=0.0001), plot=confusion_matrix, scale=1, save=False, fold=None, fit_kwargs=None, plot_kwargs=None, groups=None, feature_name=None, label=False, verbose=True, system=True, display=None, display_format=None)
2025-07-14 21:51:36,759:INFO:Checking exceptions
2025-07-14 21:51:36,762:INFO:Preloading libraries
2025-07-14 21:51:36,762:INFO:Copying training dataset
2025-07-14 21:51:36,762:INFO:Plot type: confusion_matrix
2025-07-14 21:51:37,075:INFO:Fitting Model
2025-07-14 21:51:37,077:WARNING:C:\Users\user\miniconda3\envs\od_zera_do_ai\Lib\site-packages\sklearn\base.py:493: UserWarning: X does not have valid feature names, but RidgeClassifier was fitted with feature names
  warnings.warn(

2025-07-14 21:51:37,077:INFO:Scoring test/hold-out set
2025-07-14 21:51:37,326:INFO:Visual Rendered Successfully
2025-07-14 21:51:37,459:INFO:plot_model() successfully completed......................................
2025-07-14 21:51:37,476:INFO:Initializing plot_model()
2025-07-14 21:51:37,476:INFO:plot_model(self=<pycaret.classification.oop.ClassificationExperiment object at 0x0000015359691290>, estimator=RidgeClassifier(alpha=1.0, class_weight=None, copy_X=True, fit_intercept=True,
                max_iter=None, positive=False, random_state=123, solver='auto',
                tol=0.0001), plot=feature, scale=1, save=False, fold=None, fit_kwargs=None, plot_kwargs=None, groups=None, feature_name=None, label=False, verbose=True, system=True, display=None, display_format=None)
2025-07-14 21:51:37,476:INFO:Checking exceptions
2025-07-14 21:51:37,476:INFO:Preloading libraries
2025-07-14 21:51:37,476:INFO:Copying training dataset
2025-07-14 21:51:37,476:INFO:Plot type: feature
2025-07-14 21:51:37,892:INFO:Visual Rendered Successfully
2025-07-14 21:51:38,025:INFO:plot_model() successfully completed......................................
2025-07-14 21:51:38,242:WARNING:C:\Users\user\miniconda3\envs\od_zera_do_ai\Lib\site-packages\joblib\_memmapping_reducer.py:611: UserWarning: Failed to delete temporary folder: C:\Users\user\AppData\Local\Temp\joblib_memmapping_folder_14664_45c99186731b4d2fa355ea90f78d2df3_b7404a0e603f4617a3472a1c77ad955b
  warnings.warn("Failed to delete temporary folder: {}"

2025-07-14 21:51:38,242:WARNING:C:\Users\user\miniconda3\envs\od_zera_do_ai\Lib\site-packages\joblib\_memmapping_reducer.py:611: UserWarning: Failed to delete temporary folder: C:\Users\user\AppData\Local\Temp\joblib_memmapping_folder_14664_f909f4634ffd4ff9b73ac414b5aefe2e_0d17739252b240218cd4b1c320cf4249
  warnings.warn("Failed to delete temporary folder: {}"

2025-07-14 21:51:38,242:WARNING:C:\Users\user\miniconda3\envs\od_zera_do_ai\Lib\site-packages\joblib\_memmapping_reducer.py:611: UserWarning: Failed to delete temporary folder: C:\Users\user\AppData\Local\Temp\joblib_memmapping_folder_14664_45c99186731b4d2fa355ea90f78d2df3_c4ef5d729e854ebfa532a73d084214b0
  warnings.warn("Failed to delete temporary folder: {}"

2025-07-14 21:51:38,242:WARNING:C:\Users\user\miniconda3\envs\od_zera_do_ai\Lib\site-packages\joblib\_memmapping_reducer.py:611: UserWarning: Failed to delete temporary folder: C:\Users\user\AppData\Local\Temp\joblib_memmapping_folder_14664_415431d8bbdb47fc83644261d9c86823_e81aaacd7a2f43c5ba8e08171dd7dc77
  warnings.warn("Failed to delete temporary folder: {}"

2025-07-14 21:51:38,242:WARNING:C:\Users\user\miniconda3\envs\od_zera_do_ai\Lib\site-packages\joblib\_memmapping_reducer.py:611: UserWarning: Failed to delete temporary folder: C:\Users\user\AppData\Local\Temp\joblib_memmapping_folder_14664_45c99186731b4d2fa355ea90f78d2df3_fc98a34210d2487a8ee4953247e782d8
  warnings.warn("Failed to delete temporary folder: {}"

2025-07-14 21:51:38,242:WARNING:C:\Users\user\miniconda3\envs\od_zera_do_ai\Lib\site-packages\joblib\_memmapping_reducer.py:611: UserWarning: Failed to delete temporary folder: C:\Users\user\AppData\Local\Temp\joblib_memmapping_folder_14664_6fb85ba274ce4a43acf0daaf39ea43bc_f8d8cb7036f3407eb90b29b56e86b3c6
  warnings.warn("Failed to delete temporary folder: {}"

2025-07-14 21:51:38,242:WARNING:C:\Users\user\miniconda3\envs\od_zera_do_ai\Lib\site-packages\joblib\_memmapping_reducer.py:611: UserWarning: Failed to delete temporary folder: C:\Users\user\AppData\Local\Temp\joblib_memmapping_folder_14664_45c99186731b4d2fa355ea90f78d2df3_44e205d248e643a397f399412d81423e
  warnings.warn("Failed to delete temporary folder: {}"

2025-07-14 21:51:38,242:WARNING:C:\Users\user\miniconda3\envs\od_zera_do_ai\Lib\site-packages\joblib\_memmapping_reducer.py:611: UserWarning: Failed to delete temporary folder: C:\Users\user\AppData\Local\Temp\joblib_memmapping_folder_14664_91f1445c37384d6c9f2e8e5e92ddb3a7_3828803ac2174b85b864a70559e1d4fb
  warnings.warn("Failed to delete temporary folder: {}"

2025-07-14 21:51:38,242:WARNING:C:\Users\user\miniconda3\envs\od_zera_do_ai\Lib\site-packages\joblib\_memmapping_reducer.py:611: UserWarning: Failed to delete temporary folder: C:\Users\user\AppData\Local\Temp\joblib_memmapping_folder_14664_45c99186731b4d2fa355ea90f78d2df3_b27d402d86ad49b89410ae206a579a9b
  warnings.warn("Failed to delete temporary folder: {}"

2025-07-14 21:51:38,242:WARNING:C:\Users\user\miniconda3\envs\od_zera_do_ai\Lib\site-packages\joblib\_memmapping_reducer.py:611: UserWarning: Failed to delete temporary folder: C:\Users\user\AppData\Local\Temp\joblib_memmapping_folder_14664_3342526142a742389164818a4dddbf30_136c36e72b834b5da9d7e2ecdba20db0
  warnings.warn("Failed to delete temporary folder: {}"

2025-07-14 21:51:38,242:WARNING:C:\Users\user\miniconda3\envs\od_zera_do_ai\Lib\site-packages\joblib\_memmapping_reducer.py:611: UserWarning: Failed to delete temporary folder: C:\Users\user\AppData\Local\Temp\joblib_memmapping_folder_14664_45c99186731b4d2fa355ea90f78d2df3_5ea1dc903b944f948720429d83b4845d
  warnings.warn("Failed to delete temporary folder: {}"

2025-07-14 21:51:38,242:WARNING:C:\Users\user\miniconda3\envs\od_zera_do_ai\Lib\site-packages\joblib\_memmapping_reducer.py:611: UserWarning: Failed to delete temporary folder: C:\Users\user\AppData\Local\Temp\joblib_memmapping_folder_14664_f0f1dabde22548929333a5b5eaaf6d3e_58b74962fc494eb3993d0f42881fee0b
  warnings.warn("Failed to delete temporary folder: {}"

2025-07-14 21:51:38,242:WARNING:C:\Users\user\miniconda3\envs\od_zera_do_ai\Lib\site-packages\joblib\_memmapping_reducer.py:611: UserWarning: Failed to delete temporary folder: C:\Users\user\AppData\Local\Temp\joblib_memmapping_folder_14664_45c99186731b4d2fa355ea90f78d2df3_5d1ecf0e5f114af9a9f152064f4acc3c
  warnings.warn("Failed to delete temporary folder: {}"

2025-07-14 21:51:38,242:WARNING:C:\Users\user\miniconda3\envs\od_zera_do_ai\Lib\site-packages\joblib\_memmapping_reducer.py:611: UserWarning: Failed to delete temporary folder: C:\Users\user\AppData\Local\Temp\joblib_memmapping_folder_14664_72b95a32538e4d119b35111244d69a29_fbb5252ec2f84c16a5f9524554aa4cb4
  warnings.warn("Failed to delete temporary folder: {}"

2025-07-14 21:51:38,242:WARNING:C:\Users\user\miniconda3\envs\od_zera_do_ai\Lib\site-packages\joblib\_memmapping_reducer.py:611: UserWarning: Failed to delete temporary folder: C:\Users\user\AppData\Local\Temp\joblib_memmapping_folder_14664_45c99186731b4d2fa355ea90f78d2df3_95b8302a72ff489e9d15af62b07387ce
  warnings.warn("Failed to delete temporary folder: {}"

2025-07-14 21:51:38,242:WARNING:C:\Users\user\miniconda3\envs\od_zera_do_ai\Lib\site-packages\joblib\_memmapping_reducer.py:611: UserWarning: Failed to delete temporary folder: C:\Users\user\AppData\Local\Temp\joblib_memmapping_folder_14664_f9e24f2c946c43bf8dfd007e4a3b8bb6_912ac83ea97d4f50812e4b9183702a9d
  warnings.warn("Failed to delete temporary folder: {}"

2025-07-14 21:51:38,242:WARNING:C:\Users\user\miniconda3\envs\od_zera_do_ai\Lib\site-packages\joblib\_memmapping_reducer.py:611: UserWarning: Failed to delete temporary folder: C:\Users\user\AppData\Local\Temp\joblib_memmapping_folder_14664_45c99186731b4d2fa355ea90f78d2df3_94673a1bfe504a6c9a3c8f955097b5f5
  warnings.warn("Failed to delete temporary folder: {}"

2025-07-14 21:51:38,242:WARNING:C:\Users\user\miniconda3\envs\od_zera_do_ai\Lib\site-packages\joblib\_memmapping_reducer.py:611: UserWarning: Failed to delete temporary folder: C:\Users\user\AppData\Local\Temp\joblib_memmapping_folder_14664_707acac93c524a909ce31205a868b4c8_2da7c6766bd84124abc28180347c07a0
  warnings.warn("Failed to delete temporary folder: {}"

2025-07-14 21:51:38,257:WARNING:C:\Users\user\miniconda3\envs\od_zera_do_ai\Lib\site-packages\joblib\_memmapping_reducer.py:611: UserWarning: Failed to delete temporary folder: C:\Users\user\AppData\Local\Temp\joblib_memmapping_folder_14664_45c99186731b4d2fa355ea90f78d2df3_dfecdf223872424da3a117939ba38382
  warnings.warn("Failed to delete temporary folder: {}"

2025-07-14 21:51:38,257:WARNING:C:\Users\user\miniconda3\envs\od_zera_do_ai\Lib\site-packages\joblib\_memmapping_reducer.py:611: UserWarning: Failed to delete temporary folder: C:\Users\user\AppData\Local\Temp\joblib_memmapping_folder_14664_31ed7e978ca74786b05264958ad6b74d_8861be5323884f6a986bf34a653a83fb
  warnings.warn("Failed to delete temporary folder: {}"

2025-07-14 21:51:38,259:WARNING:C:\Users\user\miniconda3\envs\od_zera_do_ai\Lib\site-packages\joblib\_memmapping_reducer.py:611: UserWarning: Failed to delete temporary folder: C:\Users\user\AppData\Local\Temp\joblib_memmapping_folder_14664_45c99186731b4d2fa355ea90f78d2df3_9ab53b80d8d04006813908b781fdcf59
  warnings.warn("Failed to delete temporary folder: {}"

2025-07-14 21:51:38,259:WARNING:C:\Users\user\miniconda3\envs\od_zera_do_ai\Lib\site-packages\joblib\_memmapping_reducer.py:611: UserWarning: Failed to delete temporary folder: C:\Users\user\AppData\Local\Temp\joblib_memmapping_folder_14664_8900316432f747ef9a34d1d3bbccf1f0_856de3bc70454b2e82153cc6ee79fead
  warnings.warn("Failed to delete temporary folder: {}"

2025-07-14 21:51:38,259:WARNING:C:\Users\user\miniconda3\envs\od_zera_do_ai\Lib\site-packages\joblib\_memmapping_reducer.py:611: UserWarning: Failed to delete temporary folder: C:\Users\user\AppData\Local\Temp\joblib_memmapping_folder_14664_45c99186731b4d2fa355ea90f78d2df3_5df6e69fd12f4e739eab3ebc1055f53c
  warnings.warn("Failed to delete temporary folder: {}"

2025-07-14 21:51:38,259:WARNING:C:\Users\user\miniconda3\envs\od_zera_do_ai\Lib\site-packages\joblib\_memmapping_reducer.py:611: UserWarning: Failed to delete temporary folder: C:\Users\user\AppData\Local\Temp\joblib_memmapping_folder_14664_aa0cee3d8e224087a95be1d19f9c56a1_87e20c1efb244c9db8635eeddbe1fb75
  warnings.warn("Failed to delete temporary folder: {}"

2025-07-14 21:51:38,259:WARNING:C:\Users\user\miniconda3\envs\od_zera_do_ai\Lib\site-packages\joblib\_memmapping_reducer.py:611: UserWarning: Failed to delete temporary folder: C:\Users\user\AppData\Local\Temp\joblib_memmapping_folder_14664_45c99186731b4d2fa355ea90f78d2df3_f4dae950c66f4d6b9ae488e5365f0e2b
  warnings.warn("Failed to delete temporary folder: {}"

2025-07-14 21:51:38,259:WARNING:C:\Users\user\miniconda3\envs\od_zera_do_ai\Lib\site-packages\joblib\_memmapping_reducer.py:611: UserWarning: Failed to delete temporary folder: C:\Users\user\AppData\Local\Temp\joblib_memmapping_folder_14664_6389c8a226fc49b0b1a726037fc3c451_ed2c1b5d3f6347dd940fd5275d0be1ae
  warnings.warn("Failed to delete temporary folder: {}"

2025-07-14 21:51:38,259:WARNING:C:\Users\user\miniconda3\envs\od_zera_do_ai\Lib\site-packages\joblib\_memmapping_reducer.py:611: UserWarning: Failed to delete temporary folder: C:\Users\user\AppData\Local\Temp\joblib_memmapping_folder_14664_45c99186731b4d2fa355ea90f78d2df3_43a378e19876484eb1fb5a453aa8896a
  warnings.warn("Failed to delete temporary folder: {}"

2025-07-14 21:51:38,259:WARNING:C:\Users\user\miniconda3\envs\od_zera_do_ai\Lib\site-packages\joblib\_memmapping_reducer.py:611: UserWarning: Failed to delete temporary folder: C:\Users\user\AppData\Local\Temp\joblib_memmapping_folder_14664_45c99186731b4d2fa355ea90f78d2df3_7d9cf621bde74a5da2ddd79b0937a5f0
  warnings.warn("Failed to delete temporary folder: {}"

